nd_id,P_inj,Q_inj,V_mag,V_angle
1861,0.000000,0.000000,0.000000,0.000000
1862,0.000000,0.000000,0.000000,0.000000
1863,0.000000,0.000000,0.000000,0.000000
1864,0.000000,0.000000,0.000000,0.000000
1865,0.000000,0.000000,0.000000,0.000000
1866,0.000000,0.000000,0.000000,0.000000
1867,0.000000,0.000000,0.000000,0.000000
1868,0.000000,0.000000,0.000000,0.000000
1869,0.000000,0.000000,0.000000,0.000000
1870,0.000000,0.000000,0.000000,0.000000
1871,0.000000,0.000000,0.000000,0.000000
1872,0.000000,0.000000,0.000000,0.000000
1873,0.000000,0.000000,0.000000,0.000000
1874,0.000000,0.000000,0.000000,0.000000
1875,0.000000,0.000000,0.000000,0.000000
1876,0.000000,0.000000,0.000000,0.000000
1877,0.000000,0.000000,0.000000,0.000000
1878,0.000000,0.000000,0.000000,0.000000
1879,0.000000,0.000000,0.000000,0.000000
1880,0.000000,0.000000,0.000000,0.000000
1881,0.000000,0.000000,0.000000,0.000000
1882,0.000000,0.000000,0.000000,0.000000
1883,0.000000,0.000000,0.000000,0.000000
1884,0.000000,0.000000,0.000000,0.000000
1885,0.000000,0.000000,0.000000,0.000000
1886,0.000000,0.000000,0.000000,0.000000
1887,0.000000,0.000000,0.000000,0.000000
1888,0.000000,0.000000,0.000000,0.000000
1889,0.000000,0.000000,0.000000,0.000000
1890,0.000000,0.000000,0.000000,0.000000
1891,0.000000,0.000000,0.000000,0.000000
1892,0.000000,0.000000,0.000000,0.000000
1893,0.000000,0.000000,0.000000,0.000000
1894,0.000000,0.000000,0.000000,0.000000
1895,0.000000,0.000000,0.000000,0.000000
1896,0.000000,0.000000,0.000000,0.000000
1897,0.000000,0.000000,0.000000,0.000000
1898,0.000000,0.000000,0.000000,0.000000
1899,0.000000,0.000000,0.000000,0.000000
1900,0.000000,0.000000,0.000000,0.000000
1901,0.000000,0.000000,0.000000,0.000000
1902,0.000000,0.000000,0.000000,0.000000
1903,0.000000,0.000000,0.000000,0.000000
1904,0.000000,0.000000,0.000000,0.000000
1905,0.000000,0.000000,0.000000,0.000000
1906,0.000000,0.000000,0.000000,0.000000
1907,0.000000,0.000000,0.000000,0.000000
1908,0.000000,0.000000,0.000000,0.000000
1909,0.000000,0.000000,0.000000,0.000000
1910,0.000000,0.000000,0.000000,0.000000
1911,0.000000,0.000000,0.000000,0.000000
1912,0.000000,0.000000,0.000000,0.000000
1913,0.000000,0.000000,0.000000,0.000000
1914,0.000000,0.000000,0.000000,0.000000
1915,0.000000,0.000000,0.000000,0.000000
1916,0.000000,0.000000,0.000000,0.000000
1917,0.000000,0.000000,0.000000,0.000000
1918,0.000000,0.000000,0.000000,0.000000
1919,0.000000,0.000000,0.000000,0.000000
1920,0.000000,0.000000,0.000000,0.000000
1921,0.000000,0.000000,0.000000,0.000000
1922,0.000000,0.000000,0.000000,0.000000
1923,0.000000,0.000000,0.000000,0.000000
1924,0.000000,0.000000,0.000000,0.000000
1925,0.000000,0.000000,0.000000,0.000000
1926,0.000000,0.000000,0.000000,0.000000
1927,0.000000,0.000000,0.000000,0.000000
1928,0.000000,0.000000,0.000000,0.000000
1929,0.000000,0.000000,0.000000,0.000000
1930,0.000000,0.000000,0.000000,0.000000
1931,0.000000,0.000000,0.000000,0.000000
1932,0.000000,0.000000,0.000000,0.000000
1933,0.000000,0.000000,0.000000,0.000000
1934,0.000000,0.000000,0.000000,0.000000
1935,0.000000,0.000000,0.000000,0.000000
1936,0.000000,0.000000,0.000000,0.000000
1937,0.000000,0.000000,0.000000,0.000000
1938,0.000000,0.000000,0.000000,0.000000
1939,0.000000,0.000000,0.000000,0.000000
1940,0.000000,0.000000,0.000000,0.000000
1941,0.000000,0.000000,0.000000,0.000000
1942,0.000000,0.000000,0.000000,0.000000
1943,0.000000,0.000000,0.000000,0.000000
1944,0.000000,0.000000,0.000000,0.000000
1945,0.000000,0.000000,0.000000,0.000000
1946,0.000000,0.000000,0.000000,0.000000
1947,0.000000,0.000000,0.000000,0.000000
1948,0.000000,0.000000,0.000000,0.000000
1949,0.000000,0.000000,0.000000,0.000000
1950,0.000000,0.000000,0.000000,0.000000
1951,0.000000,0.000000,0.000000,0.000000
1952,0.000000,0.000000,0.000000,0.000000
1953,0.000000,0.000000,0.000000,0.000000
1954,0.000000,0.000000,0.000000,0.000000
1955,0.000000,0.000000,0.000000,0.000000
1956,0.000000,0.000000,0.000000,0.000000
1957,0.000000,0.000000,0.000000,0.000000
1958,0.000000,0.000000,0.000000,0.000000
1959,0.000000,0.000000,0.000000,0.000000
1960,0.000000,0.000000,0.000000,0.000000
1961,0.000000,0.000000,0.000000,0.000000
1962,0.000000,0.000000,0.000000,0.000000
1963,0.000000,0.000000,0.000000,0.000000
1964,0.000000,0.000000,0.000000,0.000000
1965,0.000000,0.000000,0.000000,0.000000
1966,0.000000,0.000000,0.000000,0.000000
1967,0.000000,0.000000,0.000000,0.000000
1968,0.000000,0.000000,0.000000,0.000000
1969,0.000000,0.000000,0.000000,0.000000
1970,0.000000,0.000000,0.000000,0.000000
1971,0.000000,0.000000,0.000000,0.000000
1972,0.000000,0.000000,0.000000,0.000000
1973,0.000000,0.000000,0.000000,0.000000
1974,0.000000,0.000000,0.000000,0.000000
1975,0.000000,0.000000,0.000000,0.000000
1976,0.000000,0.000000,0.000000,0.000000
1977,0.000000,0.000000,0.000000,0.000000
1978,0.000000,0.000000,0.000000,0.000000
1979,0.000000,0.000000,0.000000,0.000000
1980,0.000000,0.000000,0.000000,0.000000
1981,0.000000,0.000000,0.000000,0.000000
1982,0.000000,0.000000,0.000000,0.000000
1983,0.000000,0.000000,0.000000,0.000000
1984,0.000000,0.000000,0.000000,0.000000
1985,0.000000,0.000000,0.000000,0.000000
1986,0.000000,0.000000,0.000000,0.000000
1987,0.000000,0.000000,0.000000,0.000000
1988,0.000000,0.000000,0.000000,0.000000
1989,0.000000,0.000000,0.000000,0.000000
1990,0.000000,0.000000,0.000000,0.000000
1991,0.000000,0.000000,0.000000,0.000000
1992,0.000000,0.000000,0.000000,0.000000
1993,0.000000,0.000000,0.000000,0.000000
1994,0.000000,0.000000,0.000000,0.000000
1995,0.000000,0.000000,0.000000,0.000000
1996,0.000000,0.000000,0.000000,0.000000
1997,0.000000,0.000000,0.000000,0.000000
1998,0.000000,0.000000,0.000000,0.000000
1999,0.000000,0.000000,0.000000,0.000000
2000,0.000000,0.000000,0.000000,0.000000
2001,0.000000,0.000000,0.000000,0.000000
2002,0.000000,0.000000,0.000000,0.000000
2003,0.000000,0.000000,0.000000,0.000000
2004,0.000000,0.000000,0.000000,0.000000
2005,0.000000,0.000000,0.000000,0.000000
2006,0.000000,0.000000,0.000000,0.000000
2007,0.000000,0.000000,0.000000,0.000000
2008,0.000000,0.000000,0.000000,0.000000
2009,0.000000,0.000000,0.000000,0.000000
2010,0.000000,0.000000,0.000000,0.000000
2011,0.000000,0.000000,0.000000,0.000000
2012,0.000000,0.000000,0.000000,0.000000
2013,0.000000,0.000000,0.000000,0.000000
2014,0.000000,0.000000,0.000000,0.000000
2015,0.000000,0.000000,0.000000,0.000000
2016,0.000000,0.000000,0.000000,0.000000
2017,0.000000,0.000000,0.000000,0.000000
2018,0.000000,0.000000,0.000000,0.000000
2019,0.000000,0.000000,0.000000,0.000000
2020,0.000000,0.000000,0.000000,0.000000
2021,0.000000,0.000000,0.000000,0.000000
2022,0.000000,0.000000,0.000000,0.000000
2023,0.000000,0.000000,0.000000,0.000000
2024,0.000000,0.000000,0.000000,0.000000
2025,0.000000,0.000000,0.000000,0.000000
2026,0.000000,0.000000,0.000000,0.000000
2027,0.000000,0.000000,0.000000,0.000000
2028,0.000000,0.000000,0.000000,0.000000
2029,0.000000,0.000000,0.000000,0.000000
2030,0.000000,0.000000,0.000000,0.000000
2031,0.000000,0.000000,0.000000,0.000000
2032,0.000000,0.000000,0.000000,0.000000
2033,0.000000,0.000000,0.000000,0.000000
2034,0.000000,0.000000,0.000000,0.000000
2035,0.000000,0.000000,0.000000,0.000000
2036,0.000000,0.000000,0.000000,0.000000
2037,0.000000,0.000000,0.000000,0.000000
2038,0.000000,0.000000,0.000000,0.000000
2039,0.000000,0.000000,0.000000,0.000000
2040,0.000000,0.000000,0.000000,0.000000
2041,0.000000,0.000000,0.000000,0.000000
2042,0.000000,0.000000,0.000000,0.000000
2043,0.000000,0.000000,0.000000,0.000000
2044,0.000000,0.000000,0.000000,0.000000
2045,0.000000,0.000000,0.000000,0.000000
2046,0.000000,0.000000,0.000000,0.000000
2047,0.000000,0.000000,0.000000,0.000000
2048,0.000000,0.000000,0.000000,0.000000
2049,0.000000,0.000000,0.000000,0.000000
2050,0.000000,0.000000,0.000000,0.000000
2051,0.000000,0.000000,0.000000,0.000000
2052,0.000000,0.000000,0.000000,0.000000
2053,0.000000,0.000000,0.000000,0.000000
2054,0.000000,0.000000,0.000000,0.000000
2055,0.000000,0.000000,0.000000,0.000000
2056,0.000000,0.000000,0.000000,0.000000
2057,0.000000,0.000000,0.000000,0.000000
2058,0.000000,0.000000,0.000000,0.000000
2059,0.000000,0.000000,0.000000,0.000000
2060,0.000000,0.000000,0.000000,0.000000
2061,0.000000,0.000000,0.000000,0.000000
2062,0.000000,0.000000,0.000000,0.000000
2063,0.000000,0.000000,0.000000,0.000000
2064,0.000000,0.000000,0.000000,0.000000
2065,0.000000,0.000000,0.000000,0.000000
2066,0.000000,0.000000,0.000000,0.000000
2067,0.000000,0.000000,0.000000,0.000000
2068,0.000000,0.000000,0.000000,0.000000
2069,0.000000,0.000000,0.000000,0.000000
2070,0.000000,0.000000,0.000000,0.000000
2071,0.000000,0.000000,0.000000,0.000000
2072,0.000000,0.000000,0.000000,0.000000
2073,0.000000,0.000000,0.000000,0.000000
2074,0.000000,0.000000,0.000000,0.000000
2075,0.000000,0.000000,1.000000,0.000000
2076,0.000000,0.000000,0.000000,0.000000
2077,0.000000,0.000000,0.000000,0.000000
2078,0.000000,0.000000,0.000000,0.000000
2079,0.000000,0.000000,0.000000,0.000000
2080,0.000000,0.000000,0.000000,0.000000
2081,0.000000,0.000000,0.000000,0.000000
2082,0.000000,0.000000,0.000000,0.000000
2083,0.000000,0.000000,0.000000,0.000000
2084,0.000000,0.000000,0.000000,0.000000
2085,0.000000,0.000000,0.000000,0.000000
2086,0.000000,0.000000,0.000000,0.000000
2087,0.000000,0.000000,0.000000,0.000000
2088,0.000000,0.000000,0.000000,0.000000
2089,0.000000,0.000000,0.000000,0.000000
2090,0.000000,0.000000,0.000000,0.000000
2091,0.000000,0.000000,0.000000,0.000000
2092,0.000000,0.000000,0.000000,0.000000
2093,0.000000,0.000000,0.000000,0.000000
2094,0.000000,0.000000,0.000000,0.000000
2095,0.000000,0.000000,0.000000,0.000000
2096,0.000000,0.000000,0.000000,0.000000
2097,0.000000,0.000000,0.000000,0.000000
2098,0.000000,0.000000,0.000000,0.000000
2099,0.000000,0.000000,0.000000,0.000000
2100,0.000000,0.000000,0.000000,0.000000
2101,0.000000,0.000000,0.000000,0.000000
2102,0.000000,0.000000,0.000000,0.000000
2103,0.000000,0.000000,0.000000,0.000000
2104,0.000000,0.000000,0.000000,0.000000
2105,0.000000,0.000000,0.000000,0.000000
2106,0.000000,0.000000,0.000000,0.000000
2107,0.000000,0.000000,0.000000,0.000000
2108,0.000000,0.000000,0.000000,0.000000
2109,0.000000,0.000000,0.000000,0.000000
2110,0.000000,0.000000,0.000000,0.000000
2111,0.000000,0.000000,0.000000,0.000000
2112,0.000000,0.000000,0.000000,0.000000
2113,0.000000,0.000000,0.000000,0.000000
2114,0.000000,0.000000,0.000000,0.000000
2115,0.000000,0.000000,0.000000,0.000000
2116,0.000000,0.000000,0.000000,0.000000
2117,0.000000,0.000000,0.000000,0.000000
2118,0.000000,0.000000,0.000000,0.000000
2119,0.000000,0.000000,0.000000,0.000000
2120,0.000000,0.000000,0.000000,0.000000
2121,0.000000,0.000000,0.000000,0.000000
2122,0.000000,0.000000,0.000000,0.000000
2123,0.000000,0.000000,0.000000,0.000000
2124,0.000000,0.000000,0.000000,0.000000
2125,0.000000,0.000000,0.000000,0.000000
2126,0.000000,0.000000,0.000000,0.000000
2127,0.000000,0.000000,0.000000,0.000000
2128,0.000000,0.000000,0.000000,0.000000
2129,0.000000,0.000000,0.000000,0.000000
2130,0.000000,0.000000,0.000000,0.000000
2131,0.000000,0.000000,0.000000,0.000000
2132,0.000000,0.000000,0.000000,0.000000
2133,0.000000,0.000000,0.000000,0.000000
2134,0.000000,0.000000,0.000000,0.000000
2135,0.000000,0.000000,0.000000,0.000000
2136,0.000000,0.000000,0.000000,0.000000
2137,0.000000,0.000000,0.000000,0.000000
2138,0.000000,0.000000,0.000000,0.000000
2139,0.000000,0.000000,0.000000,0.000000
2140,0.000000,0.000000,0.000000,0.000000
2141,0.000000,0.000000,0.000000,0.000000
2142,0.000000,0.000000,0.000000,0.000000
2143,0.000000,0.000000,0.000000,0.000000
2144,0.000000,0.000000,0.000000,0.000000
2145,0.000000,0.000000,0.000000,0.000000
2146,0.000000,0.000000,0.000000,0.000000
2147,0.000000,0.000000,0.000000,0.000000
2148,0.000000,0.000000,0.000000,0.000000
2149,0.000000,0.000000,0.000000,0.000000
2150,0.000000,0.000000,0.000000,0.000000
2151,0.000000,0.000000,0.000000,0.000000
2152,0.000000,0.000000,0.000000,0.000000
2153,0.000000,0.000000,0.000000,0.000000
2154,0.000000,0.000000,0.000000,0.000000
2155,0.000000,0.000000,0.000000,0.000000
2156,0.000000,0.000000,0.000000,0.000000
2157,0.000000,0.000000,0.000000,0.000000
2158,0.000000,0.000000,0.000000,0.000000
2159,0.000000,0.000000,0.000000,0.000000
2160,0.000000,0.000000,0.000000,0.000000
2161,0.000000,0.000000,0.000000,0.000000
2162,0.000000,0.000000,0.000000,0.000000
2163,0.000000,0.000000,0.000000,0.000000
2164,0.000000,0.000000,0.000000,0.000000
2165,0.000000,0.000000,0.000000,0.000000
2166,0.000000,0.000000,0.000000,0.000000
2167,0.000000,0.000000,0.000000,0.000000
2168,0.000000,0.000000,0.000000,0.000000
2169,0.000000,0.000000,0.000000,0.000000
2170,0.000000,0.000000,0.000000,0.000000
2171,0.000000,0.000000,0.000000,0.000000
2172,0.000000,0.000000,0.000000,0.000000
2173,0.000000,0.000000,0.000000,0.000000
2174,0.000000,0.000000,0.000000,0.000000
2175,0.000000,0.000000,0.000000,0.000000
2176,0.000000,0.000000,0.000000,0.000000
2177,0.000000,0.000000,0.000000,0.000000
2178,0.000000,0.000000,0.000000,0.000000
2179,0.000000,0.000000,0.000000,0.000000
2180,0.000000,0.000000,0.000000,0.000000
2181,0.000000,0.000000,0.000000,0.000000
2182,0.000000,0.000000,0.000000,0.000000
2183,0.000000,0.000000,0.000000,0.000000
2184,0.000000,0.000000,0.000000,0.000000
2185,0.000000,0.000000,0.000000,0.000000
2186,0.000000,0.000000,0.000000,0.000000
2187,0.000000,0.000000,0.000000,0.000000
2188,0.000000,0.000000,0.000000,0.000000
2189,0.000000,0.000000,0.000000,0.000000
2190,0.000000,0.000000,0.000000,0.000000
2191,0.000000,0.000000,0.000000,0.000000
2192,0.000000,0.000000,0.000000,0.000000
2193,0.000000,0.000000,0.000000,0.000000
2194,0.000000,0.000000,0.000000,0.000000
2195,0.000000,0.000000,0.000000,0.000000
2196,0.000000,0.000000,0.000000,0.000000
2197,0.000000,0.000000,0.000000,0.000000
2198,0.000000,0.000000,0.000000,0.000000
2199,0.000000,0.000000,0.000000,0.000000
2200,0.000000,0.000000,0.000000,0.000000
2201,0.000000,0.000000,0.000000,0.000000
2202,0.000000,0.000000,0.000000,0.000000
2203,0.000000,0.000000,0.000000,0.000000
2204,0.000000,0.000000,0.000000,0.000000
2205,0.000000,0.000000,0.000000,0.000000
2206,0.000000,0.000000,0.000000,0.000000
2207,0.000000,0.000000,0.000000,0.000000
2208,0.000000,0.000000,0.000000,0.000000
2209,0.000000,0.000000,0.000000,0.000000
2210,0.000000,0.000000,0.000000,0.000000
2211,0.000000,0.000000,0.000000,0.000000
2212,0.000000,0.000000,0.000000,0.000000
2213,0.000000,0.000000,0.000000,0.000000
2214,0.000000,0.000000,0.000000,0.000000
2215,0.000000,0.000000,0.000000,0.000000
2216,0.000000,0.000000,0.000000,0.000000
2217,0.000000,0.000000,0.000000,0.000000
2218,0.000000,0.000000,0.000000,0.000000
846,0.209337,0.211607,0.000000,0.000000
2219,0.000000,0.000000,0.000000,0.000000
2220,0.000000,0.000000,0.000000,0.000000
2221,0.000000,0.000000,0.000000,0.000000
2222,0.000000,0.000000,0.000000,0.000000
848,0.169470,0.171887,0.000000,0.000000
852,0.226107,0.222193,0.000000,0.000000
839,-1.957538,0.227967,0.000000,0.000000
2223,0.000000,0.000000,0.000000,0.000000
2224,0.000000,0.000000,0.000000,0.000000
2225,0.000000,0.000000,0.000000,0.000000
2226,0.000000,0.000000,0.000000,0.000000
2227,0.000000,0.000000,0.000000,0.000000
2228,0.000000,0.000000,0.000000,0.000000
2229,0.000000,0.000000,0.000000,0.000000
2230,0.000000,0.000000,0.000000,0.000000
2231,0.000000,0.000000,0.000000,0.000000
2232,0.000000,0.000000,0.000000,0.000000
2233,0.000000,0.000000,0.000000,0.000000
2234,0.000000,0.000000,0.000000,0.000000
2235,0.000000,0.000000,0.000000,0.000000
2236,0.000000,0.000000,0.000000,0.000000
851,-4.954852,-0.487023,0.000000,0.000000
2237,0.000000,0.000000,0.000000,0.000000
2238,0.000000,0.000000,0.000000,0.000000
2239,0.000000,0.000000,0.000000,0.000000
2240,0.000000,0.000000,0.000000,0.000000
2241,0.000000,0.000000,0.000000,0.000000
2242,0.000000,0.000000,0.000000,0.000000
2243,0.000000,0.000000,0.000000,0.000000
2244,0.000000,0.000000,0.000000,0.000000
2245,0.000000,0.000000,0.000000,0.000000
2246,0.000000,0.000000,0.000000,0.000000
2247,0.000000,0.000000,0.000000,0.000000
2248,0.000000,0.000000,0.000000,0.000000
841,0.161576,0.166269,0.000000,0.000000
2249,0.000000,0.000000,0.000000,0.000000
2250,0.000000,0.000000,0.000000,0.000000
2251,0.000000,0.000000,0.000000,0.000000
838,-3.720963,-0.308069,0.000000,0.000000
2252,0.000000,0.000000,0.000000,0.000000
2253,0.000000,0.000000,0.000000,0.000000
2254,0.000000,0.000000,0.000000,0.000000
2255,0.000000,0.000000,0.000000,0.000000
2256,0.000000,0.000000,0.000000,0.000000
2257,0.000000,0.000000,0.000000,0.000000
2258,0.000000,0.000000,0.000000,0.000000
2259,0.000000,0.000000,0.000000,0.000000
2260,0.000000,0.000000,0.000000,0.000000
850,0.174244,0.185202,0.000000,0.000000
2261,0.000000,0.000000,0.000000,0.000000
2262,-1.846803,0.331157,0.000000,0.000000
2263,0.000000,0.000000,0.000000,0.000000
2264,0.000000,0.000000,0.000000,0.000000
2265,0.000000,0.000000,0.000000,0.000000
2266,0.000000,0.000000,0.000000,0.000000
2267,0.000000,0.000000,0.000000,0.000000
2268,0.000000,0.000000,0.000000,0.000000
2269,0.000000,0.000000,0.000000,0.000000
2270,0.000000,0.000000,0.000000,0.000000
2271,0.000000,0.000000,0.000000,0.000000
2272,0.000000,0.000000,0.000000,0.000000
2273,0.000000,0.000000,0.000000,0.000000
2274,0.000000,0.000000,0.000000,0.000000
2275,0.000000,0.000000,0.000000,0.000000
2276,0.000000,0.000000,0.000000,0.000000
2277,0.000000,0.000000,0.000000,0.000000
2278,0.000000,0.000000,0.000000,0.000000
2279,0.000000,0.000000,0.000000,0.000000
2280,0.000000,0.000000,0.000000,0.000000
2281,0.000000,0.000000,0.000000,0.000000
847,0.199064,0.202626,0.000000,0.000000
2282,0.000000,0.000000,0.000000,0.000000
2283,0.000000,0.000000,0.000000,0.000000
2284,0.000000,0.000000,0.000000,0.000000
2285,0.000000,0.000000,0.000000,0.000000
2286,0.000000,0.000000,0.000000,0.000000
2287,0.000000,0.000000,0.000000,0.000000
2288,0.000000,0.000000,0.000000,0.000000
2289,0.000000,0.000000,0.000000,0.000000
2290,0.000000,0.000000,0.000000,0.000000
2291,0.000000,0.000000,0.000000,0.000000
2292,0.000000,0.000000,0.000000,0.000000
2293,0.000000,0.000000,0.000000,0.000000
2294,0.000000,0.000000,0.000000,0.000000
2295,0.000000,0.000000,0.000000,0.000000
2296,0.000000,0.000000,0.000000,0.000000
2297,0.000000,0.000000,0.000000,0.000000
2298,0.000000,0.000000,0.000000,0.000000
2299,0.000000,0.000000,0.000000,0.000000
840,0.137100,0.135407,0.000000,0.000000
2300,0.000000,0.000000,0.000000,0.000000
2301,0.000000,0.000000,0.000000,0.000000
2302,0.000000,0.000000,0.000000,0.000000
2303,0.000000,0.000000,0.000000,0.000000
2304,0.174527,0.183770,0.000000,0.000000
2305,0.000000,0.000000,0.000000,0.000000
2306,0.000000,0.000000,0.000000,0.000000
2307,0.000000,0.000000,0.000000,0.000000
2308,0.000000,0.000000,0.000000,0.000000
2309,0.000000,0.000000,0.000000,0.000000
2310,0.000000,0.000000,0.000000,0.000000
844,-1.648643,0.285044,0.000000,0.000000
2311,0.000000,0.000000,0.000000,0.000000
2312,0.000000,0.000000,0.000000,0.000000
842,-2.887259,-1.073171,0.000000,0.000000
2313,0.000000,0.000000,0.000000,0.000000
2314,0.000000,0.000000,0.000000,0.000000
2315,0.000000,0.000000,0.000000,0.000000
2316,0.000000,0.000000,0.000000,0.000000
2317,0.000000,0.000000,0.000000,0.000000
845,-5.080156,-0.417629,0.000000,0.000000
2318,0.000000,0.000000,0.000000,0.000000
2319,0.000000,0.000000,0.000000,0.000000
2320,0.000000,0.000000,0.000000,0.000000
2321,0.000000,0.000000,0.000000,0.000000
2322,0.000000,0.000000,0.000000,0.000000
2323,0.000000,0.000000,0.000000,0.000000
2324,0.000000,0.000000,0.000000,0.000000
2325,0.000000,0.000000,0.000000,0.000000
2326,0.000000,0.000000,0.000000,0.000000
2327,0.000000,0.000000,0.000000,0.000000
2328,0.000000,0.000000,0.000000,0.000000
2329,0.000000,0.000000,0.000000,0.000000
2330,0.000000,0.000000,0.000000,0.000000
2331,0.236819,0.247590,0.000000,0.000000
2332,0.000000,0.000000,0.000000,0.000000
2333,0.000000,0.000000,0.000000,0.000000
849,0.218130,0.215852,0.000000,0.000000
2334,0.000000,0.000000,0.000000,0.000000
2335,0.152320,0.158155,0.000000,0.000000
2336,0.000000,0.000000,0.000000,0.000000
2337,0.000000,0.000000,0.000000,0.000000
2338,0.000000,0.000000,0.000000,0.000000
2339,0.000000,0.000000,0.000000,0.000000
2340,-3.157026,0.020718,0.000000,0.000000
843,0.243018,0.265640,0.000000,0.000000
2341,0.000000,0.000000,0.000000,0.000000
2342,0.000000,0.000000,0.000000,0.000000
2343,0.000000,0.000000,0.000000,0.000000
2344,0.000000,0.000000,0.000000,0.000000
2345,0.000000,0.000000,0.000000,0.000000
837,0.151527,0.151491,0.000000,0.000000
2346,0.000000,0.000000,0.000000,0.000000
2347,0.000000,0.000000,0.000000,0.000000
2348,0.000000,0.000000,0.000000,0.000000
2349,0.000000,0.000000,0.000000,0.000000
2350,0.000000,0.000000,0.000000,0.000000
2351,0.000000,0.000000,0.000000,0.000000
2352,0.000000,0.000000,0.000000,0.000000
2353,0.000000,0.000000,0.000000,0.000000
2354,0.000000,0.000000,0.000000,0.000000
2355,0.000000,0.000000,0.000000,0.000000
2356,0.000000,0.000000,0.000000,0.000000
2357,0.000000,0.000000,0.000000,0.000000
2358,0.000000,0.000000,0.000000,0.000000
2359,0.000000,0.000000,0.000000,0.000000
2360,0.000000,0.000000,0.000000,0.000000
2361,0.000000,0.000000,0.000000,0.000000
2362,0.000000,0.000000,0.000000,0.000000
2363,0.000000,0.000000,0.000000,0.000000
2364,0.000000,0.000000,0.000000,0.000000
2365,0.000000,0.000000,0.000000,0.000000
2366,0.000000,0.000000,0.000000,0.000000
2367,0.000000,0.000000,0.000000,0.000000
2368,0.000000,0.000000,0.000000,0.000000
2369,0.000000,0.000000,0.000000,0.000000
2370,0.000000,0.000000,0.000000,0.000000
2371,0.240825,0.240320,0.000000,0.000000
2372,0.000000,0.000000,0.000000,0.000000
2373,0.000000,0.000000,0.000000,0.000000
2374,0.164128,0.158990,0.000000,0.000000
2375,0.000000,0.000000,0.000000,0.000000
2376,-4.692796,-0.243508,0.000000,0.000000
2377,0.000000,0.000000,0.000000,0.000000
2378,0.000000,0.000000,0.000000,0.000000
2379,0.000000,0.000000,0.000000,0.000000
2380,0.000000,0.000000,0.000000,0.000000
2381,0.195045,0.209380,0.000000,0.000000
2382,0.000000,0.000000,0.000000,0.000000
2383,0.000000,0.000000,0.000000,0.000000
2384,0.000000,0.000000,0.000000,0.000000
2385,0.000000,0.000000,0.000000,0.000000
2386,0.000000,0.000000,0.000000,0.000000
2387,0.000000,0.000000,0.000000,0.000000
2388,0.000000,0.000000,0.000000,0.000000
2389,0.000000,0.000000,0.000000,0.000000
2390,0.000000,0.000000,0.000000,0.000000
2391,0.183650,0.197846,0.000000,0.000000
2392,0.000000,0.000000,0.000000,0.000000
2393,0.000000,0.000000,0.000000,0.000000
2394,0.000000,0.000000,0.000000,0.000000
2395,0.000000,0.000000,0.000000,0.000000
2396,0.000000,0.000000,0.000000,0.000000
2397,0.000000,0.000000,0.000000,0.000000
2398,0.000000,0.000000,0.000000,0.000000
2399,0.000000,0.000000,0.000000,0.000000
1585,0.143057,0.142826,0.000000,0.000000
2400,0.000000,0.000000,0.000000,0.000000
2401,0.000000,0.000000,0.000000,0.000000
2402,0.000000,0.000000,0.000000,0.000000
2403,0.000000,0.000000,0.000000,0.000000
2404,0.000000,0.000000,0.000000,0.000000
2405,0.000000,0.000000,0.000000,0.000000
2406,0.000000,0.000000,0.000000,0.000000
2407,0.195616,0.201519,0.000000,0.000000
2408,0.000000,0.000000,0.000000,0.000000
2409,0.000000,0.000000,0.000000,0.000000
2410,0.000000,0.000000,0.000000,0.000000
2411,0.000000,0.000000,0.000000,0.000000
2412,0.000000,0.000000,0.000000,0.000000
2413,0.000000,0.000000,0.000000,0.000000
2414,0.000000,0.000000,0.000000,0.000000
2415,0.000000,0.000000,0.000000,0.000000
2416,0.000000,0.000000,0.000000,0.000000
2417,0.000000,0.000000,0.000000,0.000000
2418,0.000000,0.000000,0.000000,0.000000
2419,0.000000,0.000000,0.000000,0.000000
2420,0.000000,0.000000,0.000000,0.000000
2421,0.000000,0.000000,0.000000,0.000000
2422,0.201410,0.186468,0.000000,0.000000
2423,0.000000,0.000000,0.000000,0.000000
2424,0.000000,0.000000,0.000000,0.000000
2425,0.000000,0.000000,0.000000,0.000000
2426,0.000000,0.000000,0.000000,0.000000
1583,0.174047,0.167361,0.000000,0.000000
2427,0.000000,0.000000,0.000000,0.000000
2428,0.000000,0.000000,0.000000,0.000000
2429,0.000000,0.000000,0.000000,0.000000
2430,0.000000,0.000000,0.000000,0.000000
1584,-1.679172,0.194707,0.000000,0.000000
2431,0.000000,0.000000,0.000000,0.000000
2432,0.000000,0.000000,0.000000,0.000000
2433,0.000000,0.000000,0.000000,0.000000
2434,-3.570007,-0.085038,0.000000,0.000000
2435,0.000000,0.000000,0.000000,0.000000
1586,-2.037770,-0.045752,0.000000,0.000000
2436,0.000000,0.000000,0.000000,0.000000
2437,0.000000,0.000000,0.000000,0.000000
2438,0.000000,0.000000,0.000000,0.000000
2439,0.000000,0.000000,0.000000,0.000000
2440,-4.884985,-0.240187,0.000000,0.000000
2441,0.000000,0.000000,0.000000,0.000000
2442,0.000000,0.000000,0.000000,0.000000
2443,0.000000,0.000000,0.000000,0.000000
2444,0.000000,0.000000,0.000000,0.000000
2445,0.192087,0.193828,0.000000,0.000000
2446,0.000000,0.000000,0.000000,0.000000
2447,0.000000,0.000000,0.000000,0.000000
2448,0.000000,0.000000,0.000000,0.000000
2449,0.000000,0.000000,0.000000,0.000000
2450,0.000000,0.000000,0.000000,0.000000
2451,0.000000,0.000000,0.000000,0.000000
2452,0.000000,0.000000,0.000000,0.000000
2453,0.000000,0.000000,0.000000,0.000000
2454,0.000000,0.000000,0.000000,0.000000
2455,0.000000,0.000000,0.000000,0.000000
2456,0.000000,0.000000,0.000000,0.000000
2457,0.000000,0.000000,0.000000,0.000000
2458,0.000000,0.000000,0.000000,0.000000
2459,0.000000,0.000000,0.000000,0.000000
1155,0.180221,0.173682,0.000000,0.000000
2460,0.000000,0.000000,0.000000,0.000000
2461,0.000000,0.000000,0.000000,0.000000
2462,0.000000,0.000000,0.000000,0.000000
2463,0.000000,0.000000,0.000000,0.000000
2464,0.000000,0.000000,0.000000,0.000000
2465,0.000000,0.000000,0.000000,0.000000
2466,0.000000,0.000000,0.000000,0.000000
2467,0.000000,0.000000,0.000000,0.000000
2468,0.000000,0.000000,0.000000,0.000000
2469,0.000000,0.000000,0.000000,0.000000
2470,0.000000,0.000000,0.000000,0.000000
2471,0.000000,0.000000,0.000000,0.000000
2472,0.000000,0.000000,0.000000,0.000000
2473,0.000000,0.000000,0.000000,0.000000
2474,0.000000,0.000000,0.000000,0.000000
1148,-3.275680,-0.394199,0.000000,0.000000
2475,0.000000,0.000000,0.000000,0.000000
2476,0.000000,0.000000,0.000000,0.000000
2477,0.000000,0.000000,0.000000,0.000000
2478,0.000000,0.000000,0.000000,0.000000
2479,0.000000,0.000000,0.000000,0.000000
2480,0.000000,0.000000,0.000000,0.000000
2481,0.000000,0.000000,0.000000,0.000000
2482,0.000000,0.000000,0.000000,0.000000
2483,0.000000,0.000000,0.000000,0.000000
2484,0.000000,0.000000,0.000000,0.000000
2485,0.000000,0.000000,0.000000,0.000000
2486,0.000000,0.000000,0.000000,0.000000
2487,0.000000,0.000000,0.000000,0.000000
2488,0.000000,0.000000,0.000000,0.000000
2489,-4.071491,0.338927,0.000000,0.000000
2490,0.000000,0.000000,0.000000,0.000000
2491,0.000000,0.000000,0.000000,0.000000
2492,0.000000,0.000000,0.000000,0.000000
2493,0.000000,0.000000,0.000000,0.000000
2494,0.000000,0.000000,0.000000,0.000000
2495,0.000000,0.000000,0.000000,0.000000
2496,0.000000,0.000000,0.000000,0.000000
1144,-3.179191,-0.001262,0.000000,0.000000
2497,0.000000,0.000000,0.000000,0.000000
2498,0.000000,0.000000,0.000000,0.000000
2499,0.000000,0.000000,0.000000,0.000000
2500,0.000000,0.000000,0.000000,0.000000
2501,0.000000,0.000000,0.000000,0.000000
2502,0.000000,0.000000,0.000000,0.000000
2503,0.000000,0.000000,0.000000,0.000000
2504,0.000000,0.000000,0.000000,0.000000
2505,0.000000,0.000000,0.000000,0.000000
2506,0.000000,0.000000,0.000000,0.000000
1152,0.233097,0.221061,0.000000,0.000000
2507,0.000000,0.000000,0.000000,0.000000
2508,0.000000,0.000000,0.000000,0.000000
2509,0.000000,0.000000,0.000000,0.000000
1151,-4.397012,-0.348742,0.000000,0.000000
2510,0.177121,0.181591,0.000000,0.000000
2511,0.000000,0.000000,0.000000,0.000000
2512,0.000000,0.000000,0.000000,0.000000
2513,0.000000,0.000000,0.000000,0.000000
2514,0.000000,0.000000,0.000000,0.000000
1149,0.185857,0.188015,0.000000,0.000000
2515,0.000000,0.000000,0.000000,0.000000
2516,0.000000,0.000000,0.000000,0.000000
1154,0.150727,0.150455,0.000000,0.000000
2517,0.000000,0.000000,0.000000,0.000000
2518,0.000000,0.000000,0.000000,0.000000
2519,0.000000,0.000000,0.000000,0.000000
2520,0.000000,0.000000,0.000000,0.000000
2521,0.000000,0.000000,0.000000,0.000000
1156,0.161111,0.158504,0.000000,0.000000
2522,0.000000,0.000000,0.000000,0.000000
2523,0.000000,0.000000,0.000000,0.000000
2524,0.000000,0.000000,0.000000,0.000000
2525,0.000000,0.000000,0.000000,0.000000
2526,0.000000,0.000000,0.000000,0.000000
2527,0.000000,0.000000,0.000000,0.000000
2528,0.000000,0.000000,0.000000,0.000000
2529,0.000000,0.000000,0.000000,0.000000
2530,0.000000,0.000000,0.000000,0.000000
2531,0.000000,0.000000,0.000000,0.000000
2532,0.000000,0.000000,0.000000,0.000000
2533,0.000000,0.000000,0.000000,0.000000
2534,0.000000,0.000000,0.000000,0.000000
2535,0.000000,0.000000,0.000000,0.000000
2536,0.000000,0.000000,0.000000,0.000000
2537,0.000000,0.000000,0.000000,0.000000
2538,0.000000,0.000000,0.000000,0.000000
2539,0.000000,0.000000,0.000000,0.000000
2540,0.000000,0.000000,0.000000,0.000000
2541,0.000000,0.000000,0.000000,0.000000
1153,-3.360383,0.488304,0.000000,0.000000
2542,0.000000,0.000000,0.000000,0.000000
2543,0.000000,0.000000,0.000000,0.000000
2544,0.000000,0.000000,0.000000,0.000000
2545,0.000000,0.000000,0.000000,0.000000
2546,0.000000,0.000000,0.000000,0.000000
2547,0.000000,0.000000,0.000000,0.000000
2548,0.000000,0.000000,0.000000,0.000000
2549,0.000000,0.000000,0.000000,0.000000
2550,0.000000,0.000000,0.000000,0.000000
1150,-4.823082,1.931298,0.000000,0.000000
2551,0.000000,0.000000,0.000000,0.000000
2552,0.000000,0.000000,0.000000,0.000000
1145,-4.240173,0.070579,0.000000,0.000000
2553,0.000000,0.000000,0.000000,0.000000
1143,0.224567,0.224718,0.000000,0.000000
2554,0.000000,0.000000,0.000000,0.000000
2555,0.000000,0.000000,0.000000,0.000000
2556,0.000000,0.000000,0.000000,0.000000
2557,0.000000,0.000000,0.000000,0.000000
1146,0.203611,0.196079,0.000000,0.000000
1147,-1.919998,0.123115,0.000000,0.000000
2558,0.000000,0.000000,0.000000,0.000000
2559,0.000000,0.000000,0.000000,0.000000
2560,0.000000,0.000000,0.000000,0.000000
2561,0.000000,0.000000,0.000000,0.000000
2562,0.000000,0.000000,0.000000,0.000000
2563,0.000000,0.000000,0.000000,0.000000
2564,0.000000,0.000000,0.000000,0.000000
2565,0.000000,0.000000,0.000000,0.000000
2566,0.000000,0.000000,0.000000,0.000000
2567,0.000000,0.000000,0.000000,0.000000
2568,0.000000,0.000000,0.000000,0.000000
2569,0.000000,0.000000,0.000000,0.000000
2570,0.000000,0.000000,0.000000,0.000000
2571,0.000000,0.000000,0.000000,0.000000
2572,0.000000,0.000000,0.000000,0.000000
275,0.000000,0.000000,0.000000,0.000000
276,0.000000,0.000000,0.000000,0.000000
382,0.000000,0.000000,0.000000,0.000000
107,0.000000,0.000000,0.000000,0.000000
277,0.000000,0.000000,0.000000,0.000000
108,0.000000,0.000000,0.000000,0.000000
