from_nd_id,to_nd_id,Y_real,Y_imag
1861,1866,0.0000000000,1050.0000000000
1861,1874,0.0000000000,12100000000.0000000000
1862,1864,0.0000000000,12100000000.0000000000
1862,1883,0.0000000000,12100000000.0000000000
1863,1879,0.0000000000,100000000.0000000000
1864,1862,0.0000000000,12100000000.0000000000
1864,1885,0.0000000000,12100000000.0000000000
1865,1871,0.0000000000,100000000.0000000000
1865,2344,-792.0909547054,1781.9194497116
1866,1861,0.0000000000,1050.0000000000
1866,1894,0.0000000000,100000000.0000000000
1866,1897,0.0000000000,100000000.0000000000
1867,1881,0.0000000000,12100000000.0000000000
1867,1889,0.0000000000,12100000000.0000000000
1867,1906,0.0000000000,12100000000.0000000000
1867,1909,0.0000000000,12100000000.0000000000
1867,1914,0.0000000000,12100000000.0000000000
1867,1918,0.0000000000,12100000000.0000000000
1868,1879,0.0000000000,100000000.0000000000
1869,1879,0.0000000000,100000000.0000000000
1870,1880,0.0000000000,100000000.0000000000
1870,1894,0.0000000000,100000000.0000000000
1870,1897,0.0000000000,100000000.0000000000
1870,1901,0.0000000000,100000000.0000000000
1870,1908,0.0000000000,100000000.0000000000
1870,1924,0.0000000000,100000000.0000000000
1870,1926,0.0000000000,100000000.0000000000
1870,1930,0.0000000000,100000000.0000000000
1871,1865,0.0000000000,100000000.0000000000
1871,1877,0.0000000000,100000000.0000000000
1871,1896,0.0000000000,100000000.0000000000
1871,1899,0.0000000000,100000000.0000000000
1871,1915,0.0000000000,100000000.0000000000
1871,1916,0.0000000000,100000000.0000000000
1871,1920,0.0000000000,100000000.0000000000
1871,1923,0.0000000000,100000000.0000000000
1871,1929,0.0000000000,100000000.0000000000
1872,1879,0.0000000000,100000000.0000000000
1873,1925,0.0000000000,100000000.0000000000
1874,1861,0.0000000000,12100000000.0000000000
1874,1918,0.0000000000,12100000000.0000000000
1875,1890,0.0000000000,100000000.0000000000
1876,1879,0.0000000000,100000000.0000000000
1877,1871,0.0000000000,100000000.0000000000
1877,1924,0.0000000000,100000000.0000000000
1878,1879,0.0000000000,100000000.0000000000
1879,1863,0.0000000000,100000000.0000000000
1879,1868,0.0000000000,100000000.0000000000
1879,1869,0.0000000000,100000000.0000000000
1879,1872,0.0000000000,100000000.0000000000
1879,1876,0.0000000000,100000000.0000000000
1879,1878,0.0000000000,100000000.0000000000
1879,1884,0.0000000000,100000000.0000000000
1879,1888,0.0000000000,100000000.0000000000
1879,1890,0.0000000000,100000000.0000000000
1879,1892,0.0000000000,100000000.0000000000
1879,1895,0.0000000000,100000000.0000000000
1879,1903,0.0000000000,100000000.0000000000
1879,1904,0.0000000000,100000000.0000000000
1879,1905,0.0000000000,100000000.0000000000
1879,1911,0.0000000000,100000000.0000000000
1879,1912,0.0000000000,100000000.0000000000
1879,1917,0.0000000000,100000000.0000000000
1879,1919,0.0000000000,100000000.0000000000
1879,1921,0.0000000000,100000000.0000000000
1879,1922,0.0000000000,100000000.0000000000
1879,1925,0.0000000000,100000000.0000000000
1879,1927,0.0000000000,100000000.0000000000
1880,1870,0.0000000000,100000000.0000000000
1881,1867,0.0000000000,12100000000.0000000000
1881,1893,0.0000000000,12100000000.0000000000
1882,1902,0.0000000000,1050.0000000000
1882,1910,0.0000000000,12100000000.0000000000
1883,1862,0.0000000000,12100000000.0000000000
1883,1893,0.0000000000,12100000000.0000000000
1883,1907,0.0000000000,12100000000.0000000000
1883,1918,0.0000000000,12100000000.0000000000
1884,1879,0.0000000000,100000000.0000000000
1885,1864,0.0000000000,12100000000.0000000000
1885,1913,-557860.7653296449,2091977.8699861686
1886,1887,0.0000000000,12100000000.0000000000
1886,1928,-557860.7653296449,2091977.8699861686
1887,1886,0.0000000000,12100000000.0000000000
1887,1909,0.0000000000,12100000000.0000000000
1888,1879,0.0000000000,100000000.0000000000
1889,1867,0.0000000000,12100000000.0000000000
1889,1910,0.0000000000,12100000000.0000000000
1890,1875,0.0000000000,100000000.0000000000
1890,1879,0.0000000000,100000000.0000000000
1891,1900,0.0000000000,12100000000.0000000000
1892,1879,0.0000000000,100000000.0000000000
1893,1881,0.0000000000,12100000000.0000000000
1893,1883,0.0000000000,12100000000.0000000000
1894,1866,0.0000000000,100000000.0000000000
1894,1870,0.0000000000,100000000.0000000000
1895,1879,0.0000000000,100000000.0000000000
1896,1871,0.0000000000,100000000.0000000000
1897,1866,0.0000000000,100000000.0000000000
1897,1870,0.0000000000,100000000.0000000000
1898,1911,0.0000000000,100000000.0000000000
1899,1871,0.0000000000,100000000.0000000000
1900,1891,0.0000000000,12100000000.0000000000
1900,1914,0.0000000000,12100000000.0000000000
1901,1870,0.0000000000,100000000.0000000000
1901,1917,0.0000000000,100000000.0000000000
1902,1882,0.0000000000,1050.0000000000
1902,1915,0.0000000000,100000000.0000000000
1903,1879,0.0000000000,100000000.0000000000
1904,1879,0.0000000000,100000000.0000000000
1905,1879,0.0000000000,100000000.0000000000
1906,1867,0.0000000000,12100000000.0000000000
1907,1883,0.0000000000,12100000000.0000000000
1908,1870,0.0000000000,100000000.0000000000
1909,1867,0.0000000000,12100000000.0000000000
1909,1887,0.0000000000,12100000000.0000000000
1910,1882,0.0000000000,12100000000.0000000000
1910,1889,0.0000000000,12100000000.0000000000
1911,1879,0.0000000000,100000000.0000000000
1911,1898,0.0000000000,100000000.0000000000
1912,1879,0.0000000000,100000000.0000000000
1913,1885,-557860.7653296449,2091977.8699861686
1913,2019,0.0000000000,12100000000.0000000000
1914,1867,0.0000000000,12100000000.0000000000
1914,1900,0.0000000000,12100000000.0000000000
1915,1871,0.0000000000,100000000.0000000000
1915,1902,0.0000000000,100000000.0000000000
1916,1871,0.0000000000,100000000.0000000000
1917,1879,0.0000000000,100000000.0000000000
1917,1901,0.0000000000,100000000.0000000000
1918,1867,0.0000000000,12100000000.0000000000
1918,1874,0.0000000000,12100000000.0000000000
1918,1883,0.0000000000,12100000000.0000000000
1919,1879,0.0000000000,100000000.0000000000
1920,1871,0.0000000000,100000000.0000000000
1920,2397,-259.7794790963,584.5345154149
1921,1879,0.0000000000,100000000.0000000000
1922,1879,0.0000000000,100000000.0000000000
1923,1871,0.0000000000,100000000.0000000000
1924,1870,0.0000000000,100000000.0000000000
1924,1877,0.0000000000,100000000.0000000000
1925,1873,0.0000000000,100000000.0000000000
1925,1879,0.0000000000,100000000.0000000000
1926,1870,0.0000000000,100000000.0000000000
1927,1879,0.0000000000,100000000.0000000000
1928,1886,-557860.7653296449,2091977.8699861686
1928,1983,0.0000000000,12100000000.0000000000
1929,1871,0.0000000000,100000000.0000000000
1930,1870,0.0000000000,100000000.0000000000
1931,1933,0.0000000000,48400000000.0000000000
1931,1935,0.0000000000,48400000000.0000000000
1931,1972,0.0000000000,48400000000.0000000000
1932,1943,0.0000000000,12100000000.0000000000
1932,1944,0.0000000000,12100000000.0000000000
1932,1988,0.0000000000,12100000000.0000000000
1933,1931,0.0000000000,48400000000.0000000000
1933,1997,0.0000000000,48400000000.0000000000
1934,1961,0.0000000000,100000000.0000000000
1934,1967,0.0000000000,100000000.0000000000
1935,1931,0.0000000000,48400000000.0000000000
1935,1936,0.0000000000,48400000000.0000000000
1935,1939,0.0000000000,48400000000.0000000000
1935,1947,0.0000000000,48400000000.0000000000
1935,1950,0.0000000000,48400000000.0000000000
1935,1955,0.0000000000,48400000000.0000000000
1935,1960,0.0000000000,48400000000.0000000000
1935,1975,0.0000000000,48400000000.0000000000
1935,2002,0.0000000000,48400000000.0000000000
1935,2016,0.0000000000,48400000000.0000000000
1935,2021,0.0000000000,48400000000.0000000000
1935,2043,0.0000000000,48400000000.0000000000
1936,1935,0.0000000000,48400000000.0000000000
1936,1946,0.0000000000,48400000000.0000000000
1936,1972,0.0000000000,48400000000.0000000000
1937,2035,0.0000000000,48400000000.0000000000
1938,1941,0.0000000000,12100000000.0000000000
1939,1935,0.0000000000,48400000000.0000000000
1939,1964,0.0000000000,48400000000.0000000000
1939,1972,0.0000000000,48400000000.0000000000
1940,1944,0.0000000000,12100000000.0000000000
1940,1952,0.0000000000,12100000000.0000000000
1940,1991,0.0000000000,12100000000.0000000000
1941,1938,0.0000000000,12100000000.0000000000
1941,1943,0.0000000000,12100000000.0000000000
1941,1944,0.0000000000,12100000000.0000000000
1942,1946,0.0000000000,48400000000.0000000000
1943,1932,0.0000000000,12100000000.0000000000
1943,1941,0.0000000000,12100000000.0000000000
1943,1978,0.0000000000,12100000000.0000000000
1943,1985,0.0000000000,12100000000.0000000000
1943,1996,0.0000000000,12100000000.0000000000
1943,2040,0.0000000000,12100000000.0000000000
1943,2044,0.0000000000,12100000000.0000000000
1944,1932,0.0000000000,12100000000.0000000000
1944,1940,0.0000000000,12100000000.0000000000
1944,1941,0.0000000000,12100000000.0000000000
1944,1949,0.0000000000,12100000000.0000000000
1944,1970,0.0000000000,12100000000.0000000000
1944,1978,0.0000000000,12100000000.0000000000
1944,1981,0.0000000000,12100000000.0000000000
1944,1996,0.0000000000,12100000000.0000000000
1944,1998,0.0000000000,12100000000.0000000000
1944,2008,0.0000000000,12100000000.0000000000
1944,2009,0.0000000000,12100000000.0000000000
1944,2010,0.0000000000,12100000000.0000000000
1944,2013,0.0000000000,12100000000.0000000000
1944,2034,0.0000000000,12100000000.0000000000
1944,2044,0.0000000000,12100000000.0000000000
1945,1981,0.0000000000,12100000000.0000000000
1946,1936,0.0000000000,48400000000.0000000000
1946,1942,0.0000000000,48400000000.0000000000
1947,1935,0.0000000000,48400000000.0000000000
1947,2033,0.0000000000,48400000000.0000000000
1948,1962,0.0001540000,4000.0000000000
1948,1973,0.0000000000,48400000000.0000000000
1949,1944,0.0000000000,12100000000.0000000000
1949,1952,0.0000000000,12100000000.0000000000
1949,2027,0.0000000000,12100000000.0000000000
1950,1935,0.0000000000,48400000000.0000000000
1950,1969,0.0000000000,48400000000.0000000000
1950,1972,0.0000000000,48400000000.0000000000
1951,1963,0.0000000000,100000000.0000000000
1951,1967,0.0000000000,100000000.0000000000
1952,1940,0.0000000000,12100000000.0000000000
1952,1949,0.0000000000,12100000000.0000000000
1952,1958,0.0000000000,12100000000.0000000000
1952,1970,0.0000000000,12100000000.0000000000
1952,1981,0.0000000000,12100000000.0000000000
1952,1982,0.0000000000,12100000000.0000000000
1952,2008,0.0000000000,12100000000.0000000000
1952,2010,0.0000000000,12100000000.0000000000
1952,2013,0.0000000000,12100000000.0000000000
1952,2020,0.0000000000,12100000000.0000000000
1952,2034,0.0000000000,12100000000.0000000000
1953,2042,0.0000000000,12100000000.0000000000
1953,2049,0.0000328775,4000.0000000000
1954,2038,0.0000000000,100000000.0000000000
1955,1935,0.0000000000,48400000000.0000000000
1955,1972,0.0000000000,48400000000.0000000000
1956,1968,0.0000000000,100000000.0000000000
1956,1979,0.0000000000,100000000.0000000000
1956,1986,0.0000000000,100000000.0000000000
1956,1990,0.0000000000,100000000.0000000000
1956,1995,0.0000000000,100000000.0000000000
1956,2000,0.0000000000,100000000.0000000000
1956,2023,0.0000000000,100000000.0000000000
1956,2024,0.0000000000,100000000.0000000000
1956,2031,0.0000000000,100000000.0000000000
1956,2038,0.0000000000,100000000.0000000000
1957,2030,0.0000000000,100000000.0000000000
1957,2049,0.0000323250,1333.3333333333
1958,1952,0.0000000000,12100000000.0000000000
1958,1998,0.0000000000,12100000000.0000000000
1959,1988,0.0000000000,12100000000.0000000000
1960,1935,0.0000000000,48400000000.0000000000
1960,1972,0.0000000000,48400000000.0000000000
1961,1934,0.0000000000,100000000.0000000000
1962,1948,0.0001540000,4000.0000000000
1962,1974,0.0000356000,1333.3333333333
1962,1976,0.0000428250,4000.0000000000
1963,1951,0.0000000000,100000000.0000000000
1964,1939,0.0000000000,48400000000.0000000000
1965,1967,0.0000000000,100000000.0000000000
1966,1972,0.0000000000,48400000000.0000000000
1967,1934,0.0000000000,100000000.0000000000
1967,1951,0.0000000000,100000000.0000000000
1967,1965,0.0000000000,100000000.0000000000
1967,1977,0.0000000000,100000000.0000000000
1967,1999,0.0000000000,100000000.0000000000
1967,2001,0.0000000000,100000000.0000000000
1967,2015,0.0000000000,100000000.0000000000
1967,2018,0.0000000000,100000000.0000000000
1967,2041,0.0000000000,100000000.0000000000
1967,2046,0.0000000000,100000000.0000000000
1968,1956,0.0000000000,100000000.0000000000
1968,1993,0.0000000000,100000000.0000000000
1969,1950,0.0000000000,48400000000.0000000000
1969,1987,0.0000000000,48400000000.0000000000
1970,1944,0.0000000000,12100000000.0000000000
1970,1952,0.0000000000,12100000000.0000000000
1970,2026,0.0000000000,12100000000.0000000000
1971,1989,0.0000000000,48400000000.0000000000
1971,2049,0.0001535500,4000.0000000000
1972,1931,0.0000000000,48400000000.0000000000
1972,1936,0.0000000000,48400000000.0000000000
1972,1939,0.0000000000,48400000000.0000000000
1972,1950,0.0000000000,48400000000.0000000000
1972,1955,0.0000000000,48400000000.0000000000
1972,1960,0.0000000000,48400000000.0000000000
1972,1966,0.0000000000,48400000000.0000000000
1972,1975,0.0000000000,48400000000.0000000000
1972,2002,0.0000000000,48400000000.0000000000
1972,2016,0.0000000000,48400000000.0000000000
1972,2021,0.0000000000,48400000000.0000000000
1972,2033,0.0000000000,48400000000.0000000000
1973,1948,0.0000000000,48400000000.0000000000
1973,2021,0.0000000000,48400000000.0000000000
1974,1962,0.0000356000,1333.3333333333
1974,2028,0.0000000000,100000000.0000000000
1975,1935,0.0000000000,48400000000.0000000000
1975,1972,0.0000000000,48400000000.0000000000
1975,2035,0.0000000000,48400000000.0000000000
1976,1962,0.0000428250,4000.0000000000
1976,1991,0.0000000000,12100000000.0000000000
1977,1967,0.0000000000,100000000.0000000000
1977,1979,0.0000000000,100000000.0000000000
1978,1943,0.0000000000,12100000000.0000000000
1978,1944,0.0000000000,12100000000.0000000000
1978,2039,0.0000000000,12100000000.0000000000
1979,1956,0.0000000000,100000000.0000000000
1979,1977,0.0000000000,100000000.0000000000
1980,2000,0.0000000000,100000000.0000000000
1981,1944,0.0000000000,12100000000.0000000000
1981,1945,0.0000000000,12100000000.0000000000
1981,1952,0.0000000000,12100000000.0000000000
1982,1952,0.0000000000,12100000000.0000000000
1982,1985,0.0000000000,12100000000.0000000000
1983,1928,0.0000000000,12100000000.0000000000
1983,2044,0.0000000000,12100000000.0000000000
1984,2007,0.0000000000,12100000000.0000000000
1985,1943,0.0000000000,12100000000.0000000000
1985,1982,0.0000000000,12100000000.0000000000
1986,1956,0.0000000000,100000000.0000000000
1986,2028,0.0000000000,100000000.0000000000
1987,1969,0.0000000000,48400000000.0000000000
1987,2022,-2076139.4101876675,22318498.6595174260
1988,1932,0.0000000000,12100000000.0000000000
1988,1959,0.0000000000,12100000000.0000000000
1989,1971,0.0000000000,48400000000.0000000000
1989,2002,0.0000000000,48400000000.0000000000
1990,1956,0.0000000000,100000000.0000000000
1990,2003,0.0000000000,100000000.0000000000
1991,1940,0.0000000000,12100000000.0000000000
1991,1976,0.0000000000,12100000000.0000000000
1992,1995,0.0000000000,100000000.0000000000
1993,1968,0.0000000000,100000000.0000000000
1994,2031,0.0000000000,100000000.0000000000
1995,1956,0.0000000000,100000000.0000000000
1995,1992,0.0000000000,100000000.0000000000
1996,1943,0.0000000000,12100000000.0000000000
1996,1944,0.0000000000,12100000000.0000000000
1996,2006,0.0000000000,12100000000.0000000000
1997,1933,0.0000000000,48400000000.0000000000
1997,2017,-2076139.4101876675,22318498.6595174260
1998,1944,0.0000000000,12100000000.0000000000
1998,1958,0.0000000000,12100000000.0000000000
1999,1967,0.0000000000,100000000.0000000000
1999,2047,0.0000000000,100000000.0000000000
2000,1956,0.0000000000,100000000.0000000000
2000,1980,0.0000000000,100000000.0000000000
2001,1967,0.0000000000,100000000.0000000000
2001,2030,0.0000000000,100000000.0000000000
2002,1935,0.0000000000,48400000000.0000000000
2002,1972,0.0000000000,48400000000.0000000000
2002,1989,0.0000000000,48400000000.0000000000
2003,1990,0.0000000000,100000000.0000000000
2004,2046,0.0000000000,100000000.0000000000
2005,2026,0.0000000000,12100000000.0000000000
2005,2037,-135965.0528562352,730469.9651772904
2006,1996,0.0000000000,12100000000.0000000000
2006,2032,0.0000000000,12100000000.0000000000
2007,1984,0.0000000000,12100000000.0000000000
2007,2034,0.0000000000,12100000000.0000000000
2008,1944,0.0000000000,12100000000.0000000000
2008,1952,0.0000000000,12100000000.0000000000
2008,2019,0.0000000000,12100000000.0000000000
2009,1944,0.0000000000,12100000000.0000000000
2010,1944,0.0000000000,12100000000.0000000000
2010,1952,0.0000000000,12100000000.0000000000
2010,2042,0.0000000000,12100000000.0000000000
2011,2039,0.0000000000,12100000000.0000000000
2012,2016,0.0000000000,48400000000.0000000000
2013,1944,0.0000000000,12100000000.0000000000
2013,1952,0.0000000000,12100000000.0000000000
2013,2025,0.0000000000,12100000000.0000000000
2014,2027,0.0000000000,12100000000.0000000000
2015,1967,0.0000000000,100000000.0000000000
2015,2036,0.0000000000,100000000.0000000000
2016,1935,0.0000000000,48400000000.0000000000
2016,1972,0.0000000000,48400000000.0000000000
2016,2012,0.0000000000,48400000000.0000000000
2017,1997,-2076139.4101876675,22318498.6595174260
2017,2178,0.0000000000,48400000000.0000000000
2018,1967,0.0000000000,100000000.0000000000
2018,2029,0.0000000000,100000000.0000000000
2019,1913,0.0000000000,12100000000.0000000000
2019,2008,0.0000000000,12100000000.0000000000
2020,1952,0.0000000000,12100000000.0000000000
2021,1935,0.0000000000,48400000000.0000000000
2021,1972,0.0000000000,48400000000.0000000000
2021,1973,0.0000000000,48400000000.0000000000
2022,1987,-2076139.4101876675,22318498.6595174260
2022,2132,0.0000000000,48400000000.0000000000
2023,1956,0.0000000000,100000000.0000000000
2024,1956,0.0000000000,100000000.0000000000
2024,2048,0.0000000000,100000000.0000000000
2025,2013,0.0000000000,12100000000.0000000000
2026,1970,0.0000000000,12100000000.0000000000
2026,2005,0.0000000000,12100000000.0000000000
2027,1949,0.0000000000,12100000000.0000000000
2027,2014,0.0000000000,12100000000.0000000000
2028,1974,0.0000000000,100000000.0000000000
2028,1986,0.0000000000,100000000.0000000000
2029,2018,0.0000000000,100000000.0000000000
2030,1957,0.0000000000,100000000.0000000000
2030,2001,0.0000000000,100000000.0000000000
2031,1956,0.0000000000,100000000.0000000000
2031,1994,0.0000000000,100000000.0000000000
2032,2006,0.0000000000,12100000000.0000000000
2033,1947,0.0000000000,48400000000.0000000000
2033,1972,0.0000000000,48400000000.0000000000
2034,1944,0.0000000000,12100000000.0000000000
2034,1952,0.0000000000,12100000000.0000000000
2034,2007,0.0000000000,12100000000.0000000000
2035,1937,0.0000000000,48400000000.0000000000
2035,1975,0.0000000000,48400000000.0000000000
2036,2015,0.0000000000,100000000.0000000000
2037,2005,-135965.0528562352,730469.9651772904
2037,2054,0.0000000000,12100000000.0000000000
2038,1954,0.0000000000,100000000.0000000000
2038,1956,0.0000000000,100000000.0000000000
2039,1978,0.0000000000,12100000000.0000000000
2039,2011,0.0000000000,12100000000.0000000000
2040,1943,0.0000000000,12100000000.0000000000
2041,1967,0.0000000000,100000000.0000000000
2041,2045,0.0000000000,100000000.0000000000
2042,1953,0.0000000000,12100000000.0000000000
2042,2010,0.0000000000,12100000000.0000000000
2043,1935,0.0000000000,48400000000.0000000000
2044,1943,0.0000000000,12100000000.0000000000
2044,1944,0.0000000000,12100000000.0000000000
2044,1983,0.0000000000,12100000000.0000000000
2045,2041,0.0000000000,100000000.0000000000
2046,1967,0.0000000000,100000000.0000000000
2046,2004,0.0000000000,100000000.0000000000
2047,1999,0.0000000000,100000000.0000000000
2048,2024,0.0000000000,100000000.0000000000
2049,1953,0.0000328775,4000.0000000000
2049,1957,0.0000323250,1333.3333333333
2049,1971,0.0001535500,4000.0000000000
2050,2052,0.0000000000,100000000.0000000000
2051,2052,0.0000000000,100000000.0000000000
2051,2062,0.0000000000,100000000.0000000000
2052,2050,0.0000000000,100000000.0000000000
2052,2051,0.0000000000,100000000.0000000000
2052,2058,0.0000000000,100000000.0000000000
2052,2059,0.0000000000,100000000.0000000000
2052,2060,0.0000000000,100000000.0000000000
2052,2061,0.0000000000,100000000.0000000000
2053,2056,0.0000000000,100000000.0000000000
2054,2037,0.0000000000,12100000000.0000000000
2054,2055,0.0000000000,12100000000.0000000000
2055,2054,0.0000000000,12100000000.0000000000
2055,2057,0.0000000000,12100000000.0000000000
2056,2053,0.0000000000,100000000.0000000000
2056,2059,0.0000000000,100000000.0000000000
2057,2055,0.0000000000,12100000000.0000000000
2057,2062,0.0000362425,666.6666666667
2058,2052,0.0000000000,100000000.0000000000
2059,2052,0.0000000000,100000000.0000000000
2059,2056,0.0000000000,100000000.0000000000
2060,2052,0.0000000000,100000000.0000000000
2060,2525,-4132.8621732002,9314.5160034184
2061,2052,0.0000000000,100000000.0000000000
2062,2051,0.0000000000,100000000.0000000000
2062,2057,0.0000362425,666.6666666667
2063,2065,0.0000000000,100000000.0000000000
2063,2067,0.0000000000,100000000.0000000000
2063,2069,0.0000000000,100000000.0000000000
2063,2070,0.0000000000,100000000.0000000000
2063,2109,0.0000000000,100000000.0000000000
2063,2112,0.0000000000,100000000.0000000000
2063,2122,0.0000000000,100000000.0000000000
2063,2130,0.0000000000,100000000.0000000000
2063,2168,0.0000000000,100000000.0000000000
2063,2179,0.0000000000,100000000.0000000000
2063,2180,0.0000000000,100000000.0000000000
2063,2187,0.0000000000,100000000.0000000000
2063,2206,0.0000000000,100000000.0000000000
2063,2207,0.0000000000,100000000.0000000000
2063,2213,0.0000000000,100000000.0000000000
2063,2214,0.0000000000,100000000.0000000000
2064,2078,0.0000000000,12100000000.0000000000
2064,2102,0.0000000000,12100000000.0000000000
2064,2124,0.0000000000,12100000000.0000000000
2064,2127,0.0000000000,12100000000.0000000000
2064,2133,0.0000000000,12100000000.0000000000
2064,2136,0.0000000000,12100000000.0000000000
2064,2157,0.0000000000,12100000000.0000000000
2064,2160,0.0000000000,12100000000.0000000000
2064,2170,0.0000000000,12100000000.0000000000
2064,2188,0.0000000000,12100000000.0000000000
2064,2204,0.0000000000,12100000000.0000000000
2064,2211,0.0000000000,12100000000.0000000000
2065,2063,0.0000000000,100000000.0000000000
2065,2098,0.0000000000,100000000.0000000000
2066,2127,0.0000000000,12100000000.0000000000
2067,2063,0.0000000000,100000000.0000000000
2067,2209,0.0000000000,100000000.0000000000
2068,2083,0.0000000000,12100000000.0000000000
2068,2110,0.0000000000,12100000000.0000000000
2068,2182,0.0000000000,12100000000.0000000000
2069,2063,0.0000000000,100000000.0000000000
2069,2151,0.0000000000,100000000.0000000000
2070,2063,0.0000000000,100000000.0000000000
2070,2163,0.0000000000,100000000.0000000000
2071,2113,0.0000000000,12100000000.0000000000
2072,2078,0.0000000000,12100000000.0000000000
2073,2083,0.0000000000,12100000000.0000000000
2073,2110,0.0000000000,12100000000.0000000000
2073,2169,0.0000000000,12100000000.0000000000
2074,2083,0.0000000000,12100000000.0000000000
2074,2110,0.0000000000,12100000000.0000000000
2074,2195,0.0000000000,12100000000.0000000000
2075,2088,0.0000000000,48400000000.0000000000
2075,2139,0.0001146618,3000.0000000000
2076,2108,0.0000000000,48400000000.0000000000
2077,2110,0.0000000000,12100000000.0000000000
2077,2133,0.0000000000,12100000000.0000000000
2078,2064,0.0000000000,12100000000.0000000000
2078,2072,0.0000000000,12100000000.0000000000
2078,2080,0.0000000000,12100000000.0000000000
2079,2156,0.0000000000,12100000000.0000000000
2080,2078,0.0000000000,12100000000.0000000000
2080,2102,0.0000000000,12100000000.0000000000
2080,2124,0.0000000000,12100000000.0000000000
2080,2127,0.0000000000,12100000000.0000000000
2080,2136,0.0000000000,12100000000.0000000000
2080,2142,0.0000000000,12100000000.0000000000
2080,2154,0.0000000000,12100000000.0000000000
2080,2160,0.0000000000,12100000000.0000000000
2080,2161,0.0000000000,12100000000.0000000000
2080,2170,0.0000000000,12100000000.0000000000
2080,2204,0.0000000000,12100000000.0000000000
2080,2211,0.0000000000,12100000000.0000000000
2081,2097,0.0000000000,100000000.0000000000
2081,2111,0.0000000000,100000000.0000000000
2082,2103,0.0000000000,100000000.0000000000
2083,2068,0.0000000000,12100000000.0000000000
2083,2073,0.0000000000,12100000000.0000000000
2083,2074,0.0000000000,12100000000.0000000000
2083,2086,0.0000000000,12100000000.0000000000
2083,2099,0.0000000000,12100000000.0000000000
2083,2113,0.0000000000,12100000000.0000000000
2083,2118,0.0000000000,12100000000.0000000000
2083,2156,0.0000000000,12100000000.0000000000
2083,2172,0.0000000000,12100000000.0000000000
2083,2181,0.0000000000,12100000000.0000000000
2083,2186,0.0000000000,12100000000.0000000000
2083,2199,0.0000000000,12100000000.0000000000
2084,2094,0.0000000000,48400000000.0000000000
2084,2108,0.0000000000,48400000000.0000000000
2084,2178,0.0000000000,48400000000.0000000000
2085,2179,0.0000000000,100000000.0000000000
2085,2197,0.0000000000,100000000.0000000000
2086,2083,0.0000000000,12100000000.0000000000
2086,2101,0.0000000000,12100000000.0000000000
2086,2110,0.0000000000,12100000000.0000000000
2087,2166,0.0000000000,100000000.0000000000
2088,2075,0.0000000000,48400000000.0000000000
2088,2115,0.0000000000,48400000000.0000000000
2089,2119,0.0000000000,12100000000.0000000000
2089,2181,0.0000000000,12100000000.0000000000
2090,2152,0.0000000000,12100000000.0000000000
2090,2195,0.0000000000,12100000000.0000000000
2091,2135,0.0000427002,3000.0000000000
2091,2197,0.0000398852,1000.0000000000
2091,2198,0.0001146618,3000.0000000000
2092,2147,0.0000000000,12100000000.0000000000
2092,2172,0.0000000000,12100000000.0000000000
2093,2094,0.0000000000,48400000000.0000000000
2093,2108,0.0000000000,48400000000.0000000000
2093,2158,0.0000000000,48400000000.0000000000
2094,2084,0.0000000000,48400000000.0000000000
2094,2093,0.0000000000,48400000000.0000000000
2094,2096,0.0000000000,48400000000.0000000000
2094,2115,0.0000000000,48400000000.0000000000
2094,2120,0.0000000000,48400000000.0000000000
2094,2141,0.0000000000,48400000000.0000000000
2094,2144,0.0000000000,48400000000.0000000000
2094,2146,0.0000000000,48400000000.0000000000
2094,2159,0.0000000000,48400000000.0000000000
2094,2164,0.0000000000,48400000000.0000000000
2094,2205,0.0000000000,48400000000.0000000000
2094,2212,0.0000000000,48400000000.0000000000
2095,2109,0.0000000000,100000000.0000000000
2096,2094,0.0000000000,48400000000.0000000000
2096,2108,0.0000000000,48400000000.0000000000
2096,2128,0.0000000000,48400000000.0000000000
2097,2081,0.0000000000,100000000.0000000000
2098,2065,0.0000000000,100000000.0000000000
2099,2083,0.0000000000,12100000000.0000000000
2099,2145,0.0000000000,12100000000.0000000000
2100,2111,0.0000000000,100000000.0000000000
2100,2149,0.0000000000,100000000.0000000000
2101,2086,0.0000000000,12100000000.0000000000
2102,2064,0.0000000000,12100000000.0000000000
2102,2080,0.0000000000,12100000000.0000000000
2102,2162,0.0000000000,12100000000.0000000000
2103,2082,0.0000000000,100000000.0000000000
2103,2111,0.0000000000,100000000.0000000000
2104,2124,0.0000000000,12100000000.0000000000
2105,2206,0.0000000000,100000000.0000000000
2106,2212,0.0000000000,48400000000.0000000000
2107,2139,0.0000398852,1000.0000000000
2107,2196,0.0000000000,100000000.0000000000
2108,2076,0.0000000000,48400000000.0000000000
2108,2084,0.0000000000,48400000000.0000000000
2108,2093,0.0000000000,48400000000.0000000000
2108,2096,0.0000000000,48400000000.0000000000
2108,2115,0.0000000000,48400000000.0000000000
2108,2120,0.0000000000,48400000000.0000000000
2108,2141,0.0000000000,48400000000.0000000000
2108,2144,0.0000000000,48400000000.0000000000
2108,2146,0.0000000000,48400000000.0000000000
2108,2153,0.0000000000,48400000000.0000000000
2108,2164,0.0000000000,48400000000.0000000000
2108,2212,0.0000000000,48400000000.0000000000
2109,2063,0.0000000000,100000000.0000000000
2109,2095,0.0000000000,100000000.0000000000
2110,2068,0.0000000000,12100000000.0000000000
2110,2073,0.0000000000,12100000000.0000000000
2110,2074,0.0000000000,12100000000.0000000000
2110,2077,0.0000000000,12100000000.0000000000
2110,2086,0.0000000000,12100000000.0000000000
2110,2113,0.0000000000,12100000000.0000000000
2110,2145,0.0000000000,12100000000.0000000000
2110,2156,0.0000000000,12100000000.0000000000
2110,2172,0.0000000000,12100000000.0000000000
2110,2181,0.0000000000,12100000000.0000000000
2110,2186,0.0000000000,12100000000.0000000000
2110,2202,0.0000000000,12100000000.0000000000
2111,2081,0.0000000000,100000000.0000000000
2111,2100,0.0000000000,100000000.0000000000
2111,2103,0.0000000000,100000000.0000000000
2111,2114,0.0000000000,100000000.0000000000
2111,2117,0.0000000000,100000000.0000000000
2111,2126,0.0000000000,100000000.0000000000
2111,2134,0.0000000000,100000000.0000000000
2111,2143,0.0000000000,100000000.0000000000
2111,2165,0.0000000000,100000000.0000000000
2111,2166,0.0000000000,100000000.0000000000
2111,2176,0.0000000000,100000000.0000000000
2111,2184,0.0000000000,100000000.0000000000
2111,2191,0.0000000000,100000000.0000000000
2112,2063,0.0000000000,100000000.0000000000
2112,2193,0.0000000000,100000000.0000000000
2113,2071,0.0000000000,12100000000.0000000000
2113,2083,0.0000000000,12100000000.0000000000
2113,2110,0.0000000000,12100000000.0000000000
2114,2111,0.0000000000,100000000.0000000000
2114,2116,0.0000000000,100000000.0000000000
2115,2088,0.0000000000,48400000000.0000000000
2115,2094,0.0000000000,48400000000.0000000000
2115,2108,0.0000000000,48400000000.0000000000
2116,2114,0.0000000000,100000000.0000000000
2117,2111,0.0000000000,100000000.0000000000
2117,2189,0.0000000000,100000000.0000000000
2118,2083,0.0000000000,12100000000.0000000000
2118,2154,0.0000000000,12100000000.0000000000
2119,2089,0.0000000000,12100000000.0000000000
2119,2177,0.0000000000,12100000000.0000000000
2120,2094,0.0000000000,48400000000.0000000000
2120,2108,0.0000000000,48400000000.0000000000
2121,2191,0.0000000000,100000000.0000000000
2122,2063,0.0000000000,100000000.0000000000
2123,2158,0.0000000000,48400000000.0000000000
2124,2064,0.0000000000,12100000000.0000000000
2124,2080,0.0000000000,12100000000.0000000000
2124,2104,0.0000000000,12100000000.0000000000
2125,2211,0.0000000000,12100000000.0000000000
2126,2111,0.0000000000,100000000.0000000000
2126,2208,0.0000000000,100000000.0000000000
2127,2064,0.0000000000,12100000000.0000000000
2127,2066,0.0000000000,12100000000.0000000000
2127,2080,0.0000000000,12100000000.0000000000
2128,2096,0.0000000000,48400000000.0000000000
2129,2160,0.0000000000,12100000000.0000000000
2130,2063,0.0000000000,100000000.0000000000
2130,2185,0.0000000000,100000000.0000000000
2131,2164,0.0000000000,48400000000.0000000000
2131,2198,0.0000000000,48400000000.0000000000
2132,2022,0.0000000000,48400000000.0000000000
2132,2144,0.0000000000,48400000000.0000000000
2133,2064,0.0000000000,12100000000.0000000000
2133,2077,0.0000000000,12100000000.0000000000
2134,2111,0.0000000000,100000000.0000000000
2134,2174,0.0000000000,100000000.0000000000
2135,2091,0.0000427002,3000.0000000000
2135,2182,0.0000000000,12100000000.0000000000
2135,2200,0.0000000000,12100000000.0000000000
2136,2064,0.0000000000,12100000000.0000000000
2136,2080,0.0000000000,12100000000.0000000000
2136,2148,0.0000000000,12100000000.0000000000
2137,2139,0.0000000000,48400000000.0000000000
2137,2173,0.0000000000,48400000000.0000000000
2138,2146,0.0000000000,48400000000.0000000000
2138,2183,0.0000000000,48400000000.0000000000
2139,2075,0.0001146618,3000.0000000000
2139,2107,0.0000398852,1000.0000000000
2139,2137,0.0000000000,48400000000.0000000000
2139,2171,0.0000427002,3000.0000000000
2140,2143,0.0000000000,100000000.0000000000
2141,2094,0.0000000000,48400000000.0000000000
2141,2108,0.0000000000,48400000000.0000000000
2141,2175,0.0000000000,48400000000.0000000000
2142,2080,0.0000000000,12100000000.0000000000
2143,2111,0.0000000000,100000000.0000000000
2143,2140,0.0000000000,100000000.0000000000
2144,2094,0.0000000000,48400000000.0000000000
2144,2108,0.0000000000,48400000000.0000000000
2144,2132,0.0000000000,48400000000.0000000000
2145,2099,0.0000000000,12100000000.0000000000
2145,2110,0.0000000000,12100000000.0000000000
2146,2094,0.0000000000,48400000000.0000000000
2146,2108,0.0000000000,48400000000.0000000000
2146,2138,0.0000000000,48400000000.0000000000
2147,2092,0.0000000000,12100000000.0000000000
2147,2210,0.0000000000,12100000000.0000000000
2148,2136,0.0000000000,12100000000.0000000000
2149,2100,0.0000000000,100000000.0000000000
2150,2214,0.0000000000,100000000.0000000000
2151,2069,0.0000000000,100000000.0000000000
2151,2197,0.0000000000,100000000.0000000000
2152,2090,0.0000000000,12100000000.0000000000
2153,2108,0.0000000000,48400000000.0000000000
2153,2205,0.0000000000,48400000000.0000000000
2154,2080,0.0000000000,12100000000.0000000000
2154,2118,0.0000000000,12100000000.0000000000
2155,2170,0.0000000000,12100000000.0000000000
2156,2079,0.0000000000,12100000000.0000000000
2156,2083,0.0000000000,12100000000.0000000000
2156,2110,0.0000000000,12100000000.0000000000
2157,2064,0.0000000000,12100000000.0000000000
2158,2093,0.0000000000,48400000000.0000000000
2158,2123,0.0000000000,48400000000.0000000000
2159,2094,0.0000000000,48400000000.0000000000
2160,2064,0.0000000000,12100000000.0000000000
2160,2080,0.0000000000,12100000000.0000000000
2160,2129,0.0000000000,12100000000.0000000000
2161,2080,0.0000000000,12100000000.0000000000
2161,2188,0.0000000000,12100000000.0000000000
2162,2102,0.0000000000,12100000000.0000000000
2162,2167,0.0000000000,12100000000.0000000000
2163,2070,0.0000000000,100000000.0000000000
2164,2094,0.0000000000,48400000000.0000000000
2164,2108,0.0000000000,48400000000.0000000000
2164,2131,0.0000000000,48400000000.0000000000
2165,2111,0.0000000000,100000000.0000000000
2165,2196,0.0000000000,100000000.0000000000
2166,2087,0.0000000000,100000000.0000000000
2166,2111,0.0000000000,100000000.0000000000
2167,2162,0.0000000000,12100000000.0000000000
2168,2063,0.0000000000,100000000.0000000000
2168,2176,0.0000000000,100000000.0000000000
2169,2073,0.0000000000,12100000000.0000000000
2169,2171,0.0000000000,12100000000.0000000000
2170,2064,0.0000000000,12100000000.0000000000
2170,2080,0.0000000000,12100000000.0000000000
2170,2155,0.0000000000,12100000000.0000000000
2171,2139,0.0000427002,3000.0000000000
2171,2169,0.0000000000,12100000000.0000000000
2171,2215,0.0000000000,12100000000.0000000000
2172,2083,0.0000000000,12100000000.0000000000
2172,2092,0.0000000000,12100000000.0000000000
2172,2110,0.0000000000,12100000000.0000000000
2173,2137,0.0000000000,48400000000.0000000000
2174,2134,0.0000000000,100000000.0000000000
2175,2141,0.0000000000,48400000000.0000000000
2176,2111,0.0000000000,100000000.0000000000
2176,2168,0.0000000000,100000000.0000000000
2177,2119,0.0000000000,12100000000.0000000000
2178,2017,0.0000000000,48400000000.0000000000
2178,2084,0.0000000000,48400000000.0000000000
2179,2063,0.0000000000,100000000.0000000000
2179,2085,0.0000000000,100000000.0000000000
2180,2063,0.0000000000,100000000.0000000000
2180,2192,0.0000000000,100000000.0000000000
2181,2083,0.0000000000,12100000000.0000000000
2181,2089,0.0000000000,12100000000.0000000000
2181,2110,0.0000000000,12100000000.0000000000
2182,2068,0.0000000000,12100000000.0000000000
2182,2135,0.0000000000,12100000000.0000000000
2183,2138,0.0000000000,48400000000.0000000000
2184,2111,0.0000000000,100000000.0000000000
2185,2130,0.0000000000,100000000.0000000000
2186,2083,0.0000000000,12100000000.0000000000
2186,2110,0.0000000000,12100000000.0000000000
2186,2201,0.0000000000,12100000000.0000000000
2187,2063,0.0000000000,100000000.0000000000
2187,2203,0.0000000000,100000000.0000000000
2188,2064,0.0000000000,12100000000.0000000000
2188,2161,0.0000000000,12100000000.0000000000
2189,2117,0.0000000000,100000000.0000000000
2190,2207,0.0000000000,100000000.0000000000
2191,2111,0.0000000000,100000000.0000000000
2191,2121,0.0000000000,100000000.0000000000
2192,2180,0.0000000000,100000000.0000000000
2193,2112,0.0000000000,100000000.0000000000
2193,2563,-316.8203900783,712.8763060656
2194,2204,0.0000000000,12100000000.0000000000
2195,2074,0.0000000000,12100000000.0000000000
2195,2090,0.0000000000,12100000000.0000000000
2196,2107,0.0000000000,100000000.0000000000
2196,2165,0.0000000000,100000000.0000000000
2197,2085,0.0000000000,100000000.0000000000
2197,2091,0.0000398852,1000.0000000000
2197,2151,0.0000000000,100000000.0000000000
2198,2091,0.0001146618,3000.0000000000
2198,2131,0.0000000000,48400000000.0000000000
2199,2083,0.0000000000,12100000000.0000000000
2200,2135,0.0000000000,12100000000.0000000000
2201,2186,0.0000000000,12100000000.0000000000
2202,2110,0.0000000000,12100000000.0000000000
2203,2187,0.0000000000,100000000.0000000000
2204,2064,0.0000000000,12100000000.0000000000
2204,2080,0.0000000000,12100000000.0000000000
2204,2194,0.0000000000,12100000000.0000000000
2205,2094,0.0000000000,48400000000.0000000000
2205,2153,0.0000000000,48400000000.0000000000
2206,2063,0.0000000000,100000000.0000000000
2206,2105,0.0000000000,100000000.0000000000
2207,2063,0.0000000000,100000000.0000000000
2207,2190,0.0000000000,100000000.0000000000
2208,2126,0.0000000000,100000000.0000000000
2209,2067,0.0000000000,100000000.0000000000
2210,2147,0.0000000000,12100000000.0000000000
2211,2064,0.0000000000,12100000000.0000000000
2211,2080,0.0000000000,12100000000.0000000000
2211,2125,0.0000000000,12100000000.0000000000
2212,2094,0.0000000000,48400000000.0000000000
2212,2106,0.0000000000,48400000000.0000000000
2212,2108,0.0000000000,48400000000.0000000000
2213,2063,0.0000000000,100000000.0000000000
2214,2063,0.0000000000,100000000.0000000000
2214,2150,0.0000000000,100000000.0000000000
2215,2171,0.0000000000,12100000000.0000000000
2216,2221,0.0000000000,100000000.0000000000
2216,2278,0.0000000000,100000000.0000000000
2216,2309,0.0000000000,100000000.0000000000
2216,2358,0.0000000000,100000000.0000000000
2217,2303,0.0000000000,100000000.0000000000
2218,2224,0.0000000000,100000000.0000000000
2218,2226,0.0000000000,100000000.0000000000
2218,2269,0.0000000000,100000000.0000000000
2218,2272,0.0000000000,100000000.0000000000
2218,2313,0.0000000000,100000000.0000000000
846,2317,0.0000000000,100000000.0000000000
2219,2243,-555.0217163689,1249.0323782034
2219,2294,0.0000000000,100000000.0000000000
2220,2306,0.0000000000,100000000.0000000000
2220,2321,0.0000000000,100000000.0000000000
2221,2216,0.0000000000,100000000.0000000000
2221,2318,-21703.7438958220,48833.4237655996
2222,2252,0.0000000000,100000000.0000000000
2222,2263,-16230.4081470284,36438.8575065638
848,2228,0.0000000000,100000000.0000000000
852,2228,0.0000000000,100000000.0000000000
839,2328,0.0000000000,100000000.0000000000
2223,2246,0.0000000000,100000000.0000000000
2223,2311,0.0000000000,100000000.0000000000
2224,2218,0.0000000000,100000000.0000000000
2224,2354,0.0000000000,100000000.0000000000
2225,2256,-1829.4494715994,4115.2472038528
2225,2320,-4190.4551217146,9423.2061874091
2226,2218,0.0000000000,100000000.0000000000
2227,2251,0.0000000000,100000000.0000000000
2227,2345,-2451.6187787441,5515.2315468330
2228,848,0.0000000000,100000000.0000000000
2228,852,0.0000000000,100000000.0000000000
2228,845,0.0000000000,100000000.0000000000
2228,2362,0.0000000000,100000000.0000000000
2229,2284,0.0000000000,100000000.0000000000
2229,2365,0.0000000000,100000000.0000000000
2230,2288,0.0000000000,100000000.0000000000
2230,2297,0.0000000000,100000000.0000000000
2230,2359,0.0000000000,100000000.0000000000
2230,2369,0.0000000000,100000000.0000000000
2231,2235,0.0000000000,100000000.0000000000
2232,2233,0.0000000000,100000000.0000000000
2232,2256,0.0000000000,100000000.0000000000
2232,2333,0.0000000000,100000000.0000000000
2232,2336,0.0000000000,100000000.0000000000
2232,2366,0.0000000000,100000000.0000000000
2232,108,-589.1016200295,1325.4786450663
2233,2232,0.0000000000,100000000.0000000000
2233,2361,-4331.4650811155,9742.9542638215
2234,2265,0.0000000000,100000000.0000000000
2234,2329,-3708.8517929458,8353.2698039321
2235,2231,0.0000000000,100000000.0000000000
2235,2247,0.0000000000,100000000.0000000000
2235,843,0.0000000000,100000000.0000000000
2236,2242,0.0000000000,100000000.0000000000
2236,849,-12969.1090119990,29206.0250191473
851,2265,0.0000000000,100000000.0000000000
2237,2297,-519.6137922619,1169.0082891738
2237,2310,0.0000000000,100000000.0000000000
2238,2252,0.0000000000,100000000.0000000000
2238,2320,-374.3408084361,842.3092997812
2239,2251,0.0000000000,100000000.0000000000
2239,2284,-12969.1090119990,29206.0250191473
2240,2270,0.0000000000,100000000.0000000000
2240,2275,-162.1604634560,364.8809720435
2241,2300,-4816.8068643009,10827.2830681515
2241,2360,-1129.2097480810,2541.4953645166
2242,2236,0.0000000000,100000000.0000000000
2242,2327,0.0000000000,100000000.0000000000
2243,2219,-555.0217163689,1249.0323782034
2243,2303,0.0000000000,100000000.0000000000
2244,2291,-9247.4738291295,20832.7921656233
2244,2350,-6503.5321348740,14620.1450748546
2245,2306,0.0000000000,100000000.0000000000
2246,2223,0.0000000000,100000000.0000000000
2246,2345,0.0000000000,100000000.0000000000
2247,2235,0.0000000000,100000000.0000000000
2247,2339,-16230.4081470284,36438.8575065638
2248,2273,-12969.1090119990,29206.0250191473
2248,2286,0.0000000000,100000000.0000000000
841,2265,0.0000000000,100000000.0000000000
2249,2254,0.0000000000,100000000.0000000000
2249,2273,0.0000000000,100000000.0000000000
2249,2305,0.0000000000,100000000.0000000000
2249,2308,0.0000000000,100000000.0000000000
2249,2338,0.0000000000,100000000.0000000000
2250,2274,0.0000000000,100000000.0000000000
2250,2305,-6503.5321348740,14620.1450748546
2251,2227,0.0000000000,100000000.0000000000
2251,2239,0.0000000000,100000000.0000000000
2251,2253,0.0000000000,100000000.0000000000
2251,2291,0.0000000000,100000000.0000000000
2251,2353,0.0000000000,100000000.0000000000
2251,107,-589.1016200295,1325.4786450663
838,2302,0.0000000000,100000000.0000000000
2252,2222,0.0000000000,100000000.0000000000
2252,2238,0.0000000000,100000000.0000000000
2252,2259,0.0000000000,100000000.0000000000
2252,2299,0.0000000000,100000000.0000000000
2252,2334,0.0000000000,100000000.0000000000
2253,2251,0.0000000000,100000000.0000000000
2253,2281,-1443.8216937052,3247.6514212738
2254,2249,0.0000000000,100000000.0000000000
2254,2344,-419.0686652896,942.7714423343
2255,2267,0.0000000000,100000000.0000000000
2255,2289,0.0000000000,100000000.0000000000
2255,2301,0.0000000000,100000000.0000000000
2255,2329,0.0000000000,100000000.0000000000
2255,2368,0.0000000000,100000000.0000000000
2256,2225,-1829.4494715994,4115.2472038528
2256,2232,0.0000000000,100000000.0000000000
2257,2264,-12969.1090119990,29206.0250191473
2257,2290,0.0000000000,100000000.0000000000
2258,2303,0.0000000000,100000000.0000000000
2258,2545,-409.7531469907,922.0209322471
2259,2252,0.0000000000,100000000.0000000000
2260,2324,0.0000000000,100000000.0000000000
850,2265,0.0000000000,100000000.0000000000
2261,2277,0.0000000000,100000000.0000000000
2261,2325,0.0000000000,100000000.0000000000
2261,2343,0.0000000000,100000000.0000000000
2262,2314,-964.3608091432,2169.3891025087
2263,2222,-16230.4081470284,36438.8575065638
2263,2302,0.0000000000,100000000.0000000000
2264,2257,-12969.1090119990,29206.0250191473
2264,2336,0.0000000000,100000000.0000000000
2265,2234,0.0000000000,100000000.0000000000
2265,851,0.0000000000,100000000.0000000000
2265,841,0.0000000000,100000000.0000000000
2265,850,0.0000000000,100000000.0000000000
2265,840,0.0000000000,100000000.0000000000
2266,2303,0.0000000000,100000000.0000000000
2267,2255,0.0000000000,100000000.0000000000
2268,2275,0.0000000000,100000000.0000000000
2268,2280,0.0000000000,100000000.0000000000
2268,2293,0.0000000000,100000000.0000000000
2269,2218,0.0000000000,100000000.0000000000
2269,2337,-4816.8068643009,10827.2830681515
2270,2240,0.0000000000,100000000.0000000000
2270,2314,0.0000000000,100000000.0000000000
2270,2322,0.0000000000,100000000.0000000000
2271,2348,0.0000000000,100000000.0000000000
2272,2218,0.0000000000,100000000.0000000000
2272,2339,0.0000000000,100000000.0000000000
2273,2248,-12969.1090119990,29206.0250191473
2273,2249,0.0000000000,100000000.0000000000
2274,2250,0.0000000000,100000000.0000000000
2274,844,0.0000000000,100000000.0000000000
2274,2363,0.0000000000,100000000.0000000000
2275,2240,-162.1604634560,364.8809720435
2275,2268,0.0000000000,100000000.0000000000
2276,2324,0.0000000000,100000000.0000000000
2276,2358,-21703.7438958220,48833.4237655996
2277,2261,0.0000000000,100000000.0000000000
2277,2304,-963.9018205189,2168.2160694032
2278,2216,0.0000000000,100000000.0000000000
2279,2355,0.0000000000,100000000.0000000000
2279,2362,-16230.4081470284,36438.8575065638
2280,2268,0.0000000000,100000000.0000000000
2280,2331,-1035.5785929718,2329.8893140056
2281,2253,-1443.8216937052,3247.6514212738
2281,2359,0.0000000000,100000000.0000000000
847,2290,0.0000000000,100000000.0000000000
2282,2286,0.0000000000,100000000.0000000000
2283,2319,-25800.6388729626,58563.3549021214
2283,2328,0.0000000000,100000000.0000000000
2284,2229,0.0000000000,100000000.0000000000
2284,2239,-12969.1090119990,29206.0250191473
2285,2321,-12969.1090119990,29206.0250191473
2285,2324,0.0000000000,100000000.0000000000
2286,2248,0.0000000000,100000000.0000000000
2286,2282,0.0000000000,100000000.0000000000
2286,2315,0.0000000000,100000000.0000000000
2286,2342,0.0000000000,100000000.0000000000
2287,2323,0.0000000000,100000000.0000000000
2288,2230,0.0000000000,100000000.0000000000
2288,2340,-12969.1090119990,29206.0250191473
2289,2255,0.0000000000,100000000.0000000000
2289,2350,-371.1091493804,835.0790940153
2290,2257,0.0000000000,100000000.0000000000
2290,847,0.0000000000,100000000.0000000000
2290,837,0.0000000000,100000000.0000000000
2291,2244,-9247.4738291295,20832.7921656233
2291,2251,0.0000000000,100000000.0000000000
2292,2294,0.0000000000,100000000.0000000000
2293,2268,0.0000000000,100000000.0000000000
2293,2298,-321.5136859320,723.4371299635
2294,2219,0.0000000000,100000000.0000000000
2294,2292,0.0000000000,100000000.0000000000
2294,2296,0.0000000000,100000000.0000000000
2294,2347,0.0000000000,100000000.0000000000
2294,2364,0.0000000000,100000000.0000000000
2295,2303,0.0000000000,100000000.0000000000
2295,2569,-408.4529324250,919.0696740995
2296,2294,0.0000000000,100000000.0000000000
2297,2230,0.0000000000,100000000.0000000000
2297,2237,-519.6137922619,1169.0082891738
2298,2293,-321.5136859320,723.4371299635
2298,2302,0.0000000000,100000000.0000000000
2299,2252,0.0000000000,100000000.0000000000
840,2265,0.0000000000,100000000.0000000000
2300,2241,-4816.8068643009,10827.2830681515
2300,2357,-7636.5024818633,17182.1305841924
2301,2255,0.0000000000,100000000.0000000000
2301,2332,-337.3997025210,759.1320776704
2302,838,0.0000000000,100000000.0000000000
2302,2263,0.0000000000,100000000.0000000000
2302,2298,0.0000000000,100000000.0000000000
2303,2217,0.0000000000,100000000.0000000000
2303,2243,0.0000000000,100000000.0000000000
2303,2258,0.0000000000,100000000.0000000000
2303,2266,0.0000000000,100000000.0000000000
2303,2295,0.0000000000,100000000.0000000000
2304,2277,-963.9018205189,2168.2160694032
2305,2249,0.0000000000,100000000.0000000000
2305,2250,-6503.5321348740,14620.1450748546
2306,2220,0.0000000000,100000000.0000000000
2306,2245,0.0000000000,100000000.0000000000
2306,2349,0.0000000000,100000000.0000000000
2307,2347,0.0000000000,100000000.0000000000
2307,2356,-564.8779869350,1270.7337391817
2308,2249,0.0000000000,100000000.0000000000
2308,2352,-14422.1645897906,32513.1254348789
2309,2216,0.0000000000,100000000.0000000000
2310,2237,0.0000000000,100000000.0000000000
2310,2341,0.0000000000,100000000.0000000000
844,2274,0.0000000000,100000000.0000000000
2311,2223,0.0000000000,100000000.0000000000
2311,2346,-21703.7438958220,48833.4237655996
2312,2327,-812.0508019301,1826.7146730427
2312,2365,0.0000000000,100000000.0000000000
842,2349,-12969.1090119990,29206.0250191473
2313,2218,0.0000000000,100000000.0000000000
2314,2262,-964.3608091432,2169.3891025087
2314,2270,0.0000000000,100000000.0000000000
2315,2286,0.0000000000,100000000.0000000000
2316,2333,0.0000000000,100000000.0000000000
2317,846,0.0000000000,100000000.0000000000
2317,2318,0.0000000000,100000000.0000000000
845,2228,0.0000000000,100000000.0000000000
2318,2221,-21703.7438958220,48833.4237655996
2318,2317,0.0000000000,100000000.0000000000
2319,2283,-25800.6388729626,58563.3549021214
2319,2364,0.0000000000,100000000.0000000000
2320,2225,-4190.4551217146,9423.2061874091
2320,2238,-374.3408084361,842.3092997812
2321,2220,0.0000000000,100000000.0000000000
2321,2285,-12969.1090119990,29206.0250191473
2322,2270,0.0000000000,100000000.0000000000
2322,2343,-192.7318411038,433.6297539592
2323,2287,0.0000000000,100000000.0000000000
2323,2348,0.0000000000,100000000.0000000000
2324,2260,0.0000000000,100000000.0000000000
2324,2276,0.0000000000,100000000.0000000000
2324,2285,0.0000000000,100000000.0000000000
2324,2330,0.0000000000,100000000.0000000000
2324,2346,0.0000000000,100000000.0000000000
2325,2261,0.0000000000,100000000.0000000000
2326,2337,-477.6090872499,1074.5513077646
2326,2348,0.0000000000,100000000.0000000000
2327,2242,0.0000000000,100000000.0000000000
2327,2312,-812.0508019301,1826.7146730427
2328,839,0.0000000000,100000000.0000000000
2328,2283,0.0000000000,100000000.0000000000
2329,2234,-3708.8517929458,8353.2698039321
2329,2255,0.0000000000,100000000.0000000000
2330,2324,0.0000000000,100000000.0000000000
2330,2357,-737.9631279942,1660.4995841982
2331,2280,-1035.5785929718,2329.8893140056
2332,2301,-337.3997025210,759.1320776704
2332,2367,-627.6404797981,1411.8926578645
2333,2232,0.0000000000,100000000.0000000000
2333,2316,0.0000000000,100000000.0000000000
849,2236,-12969.1090119990,29206.0250191473
2334,2252,0.0000000000,100000000.0000000000
2334,2356,-572.2521994641,1287.4185798558
2335,2341,-12969.1090119990,29206.0250191473
2336,2232,0.0000000000,100000000.0000000000
2336,2264,0.0000000000,100000000.0000000000
2337,2269,-4816.8068643009,10827.2830681515
2337,2326,-477.6090872499,1074.5513077646
2338,2249,0.0000000000,100000000.0000000000
2339,2247,-16230.4081470284,36438.8575065638
2339,2272,0.0000000000,100000000.0000000000
2340,2288,-12969.1090119990,29206.0250191473
843,2235,0.0000000000,100000000.0000000000
2341,2310,0.0000000000,100000000.0000000000
2341,2335,-12969.1090119990,29206.0250191473
2342,2286,0.0000000000,100000000.0000000000
2343,2261,0.0000000000,100000000.0000000000
2343,2322,-192.7318411038,433.6297539592
2344,1865,-792.0909547054,1781.9194497116
2344,2254,-419.0686652896,942.7714423343
2345,2227,-2451.6187787441,5515.2315468330
2345,2246,0.0000000000,100000000.0000000000
837,2290,0.0000000000,100000000.0000000000
2346,2311,-21703.7438958220,48833.4237655996
2346,2324,0.0000000000,100000000.0000000000
2347,2294,0.0000000000,100000000.0000000000
2347,2307,0.0000000000,100000000.0000000000
2348,2271,0.0000000000,100000000.0000000000
2348,2323,0.0000000000,100000000.0000000000
2348,2326,0.0000000000,100000000.0000000000
2348,2355,0.0000000000,100000000.0000000000
2348,2367,0.0000000000,100000000.0000000000
2349,2306,0.0000000000,100000000.0000000000
2349,842,-12969.1090119990,29206.0250191473
2350,2244,-6503.5321348740,14620.1450748546
2350,2289,-371.1091493804,835.0790940153
2351,2354,-3091.4877364220,6960.1975304059
2351,2361,-4473.2667610753,10077.0058286180
2352,2308,-14422.1645897906,32513.1254348789
2352,2360,-773.1149126038,1739.7803940450
2353,2251,0.0000000000,100000000.0000000000
2354,2224,0.0000000000,100000000.0000000000
2354,2351,-3091.4877364220,6960.1975304059
2355,2279,0.0000000000,100000000.0000000000
2355,2348,0.0000000000,100000000.0000000000
2356,2307,-564.8779869350,1270.7337391817
2356,2334,-572.2521994641,1287.4185798558
2357,2300,-7636.5024818633,17182.1305841924
2357,2330,-737.9631279942,1660.4995841982
2358,2216,0.0000000000,100000000.0000000000
2358,2276,-21703.7438958220,48833.4237655996
2359,2230,0.0000000000,100000000.0000000000
2359,2281,0.0000000000,100000000.0000000000
2360,2241,-1129.2097480810,2541.4953645166
2360,2352,-773.1149126038,1739.7803940450
2361,2233,-4331.4650811155,9742.9542638215
2361,2351,-4473.2667610753,10077.0058286180
2362,2228,0.0000000000,100000000.0000000000
2362,2279,-16230.4081470284,36438.8575065638
2363,2274,0.0000000000,100000000.0000000000
2364,2294,0.0000000000,100000000.0000000000
2364,2319,0.0000000000,100000000.0000000000
2365,2229,0.0000000000,100000000.0000000000
2365,2312,0.0000000000,100000000.0000000000
2366,2232,0.0000000000,100000000.0000000000
2367,2332,-627.6404797981,1411.8926578645
2367,2348,0.0000000000,100000000.0000000000
2368,2255,0.0000000000,100000000.0000000000
2369,2230,0.0000000000,100000000.0000000000
2370,2395,0.0000000000,100000000.0000000000
2370,2420,-14422.1645897906,32513.1254348789
2371,2387,-5892.5154493729,13284.5599199125
2372,2386,0.0000000000,100000000.0000000000
2372,2426,-4473.2667610753,10077.0058286180
2373,2402,0.0000000000,100000000.0000000000
2373,2424,0.0000000000,100000000.0000000000
2374,2403,-5892.5154493729,13284.5599199125
2375,2380,0.0000000000,100000000.0000000000
2375,2405,0.0000000000,100000000.0000000000
2375,2420,0.0000000000,100000000.0000000000
2375,2421,0.0000000000,100000000.0000000000
2375,2439,0.0000000000,100000000.0000000000
2376,2419,-5648.9196441181,12710.0691992656
2377,2379,0.0000000000,100000000.0000000000
2377,2413,0.0000000000,100000000.0000000000
2378,2398,0.0000000000,100000000.0000000000
2378,2410,0.0000000000,100000000.0000000000
2378,2431,0.0000000000,100000000.0000000000
2378,2441,0.0000000000,100000000.0000000000
2378,2444,0.0000000000,100000000.0000000000
2378,382,-589.1016200295,1325.4786450663
2379,2377,0.0000000000,100000000.0000000000
2379,2385,0.0000000000,100000000.0000000000
2379,2427,0.0000000000,100000000.0000000000
2379,2428,0.0000000000,100000000.0000000000
2379,2443,0.0000000000,100000000.0000000000
2380,2375,0.0000000000,100000000.0000000000
2380,2437,-8630.8320576358,19487.5102775040
2381,2435,-5892.5154493729,13284.5599199125
2382,2386,0.0000000000,100000000.0000000000
2382,1585,-5892.5154493729,13284.5599199125
2383,2396,0.0000000000,100000000.0000000000
2383,2411,0.0000000000,100000000.0000000000
2383,2429,0.0000000000,100000000.0000000000
2383,2435,0.0000000000,100000000.0000000000
2384,2443,0.0000000000,100000000.0000000000
2385,2379,0.0000000000,100000000.0000000000
2386,2372,0.0000000000,100000000.0000000000
2386,2382,0.0000000000,100000000.0000000000
2386,2387,0.0000000000,100000000.0000000000
2387,2371,-5892.5154493729,13284.5599199125
2387,2386,0.0000000000,100000000.0000000000
2388,2430,0.0000000000,100000000.0000000000
2389,2409,0.0000000000,100000000.0000000000
2389,2441,-2451.6187787441,5515.2315468330
2390,2416,0.0000000000,100000000.0000000000
2390,2419,0.0000000000,100000000.0000000000
2390,2426,0.0000000000,100000000.0000000000
2390,2442,0.0000000000,100000000.0000000000
2391,2411,-5648.9196441181,12710.0691992656
2392,2396,-2361.9023126678,5315.9721106034
2392,2399,0.0000000000,100000000.0000000000
2393,2415,-444.8448047687,1000.9008107297
2393,2423,-309.2653970254,695.8906364720
2394,2395,0.0000000000,100000000.0000000000
2395,2370,0.0000000000,100000000.0000000000
2395,2394,0.0000000000,100000000.0000000000
2395,2409,0.0000000000,100000000.0000000000
2395,2414,0.0000000000,100000000.0000000000
2395,2415,0.0000000000,100000000.0000000000
2396,2383,0.0000000000,100000000.0000000000
2396,2392,-2361.9023126678,5315.9721106034
2397,1920,-259.7794790963,584.5345154149
2397,2425,-327.1776214920,736.1983258449
2398,2378,0.0000000000,100000000.0000000000
2398,2422,-5892.5154493729,13284.5599199125
2399,2392,0.0000000000,100000000.0000000000
2399,2430,0.0000000000,100000000.0000000000
1585,2382,-5892.5154493729,13284.5599199125
2400,2418,0.0000000000,100000000.0000000000
2400,2429,-4473.2667610753,10077.0058286180
2401,2427,-10008.1278128905,22503.1237489840
2401,2430,0.0000000000,100000000.0000000000
2402,2373,0.0000000000,100000000.0000000000
2402,2417,-3419.0212255386,7687.4887182918
2403,2374,-5892.5154493729,13284.5599199125
2403,2418,0.0000000000,100000000.0000000000
2404,2407,-5892.5154493729,13284.5599199125
2404,2433,0.0000000000,100000000.0000000000
2405,2375,0.0000000000,100000000.0000000000
2406,2433,0.0000000000,100000000.0000000000
2406,2440,-5892.5154493729,13284.5599199125
2407,2404,-5892.5154493729,13284.5599199125
2408,2418,0.0000000000,100000000.0000000000
2408,1584,-5892.5154493729,13284.5599199125
2409,2389,0.0000000000,100000000.0000000000
2409,2395,0.0000000000,100000000.0000000000
2410,2378,0.0000000000,100000000.0000000000
2410,2438,-4473.2667610753,10077.0058286180
2411,2383,0.0000000000,100000000.0000000000
2411,2391,-5648.9196441181,12710.0691992656
2412,2423,-259.7794790963,584.5345154149
2412,2425,-259.7794790963,584.5345154149
2413,2377,0.0000000000,100000000.0000000000
2413,2442,-2451.6187787441,5515.2315468330
2414,2395,0.0000000000,100000000.0000000000
2414,2417,0.0000000000,100000000.0000000000
2415,2393,-444.8448047687,1000.9008107297
2415,2395,0.0000000000,100000000.0000000000
2416,2390,0.0000000000,100000000.0000000000
2416,2445,-5892.5154493729,13284.5599199125
2417,2402,-3419.0212255386,7687.4887182918
2417,2414,0.0000000000,100000000.0000000000
2418,2400,0.0000000000,100000000.0000000000
2418,2403,0.0000000000,100000000.0000000000
2418,2408,0.0000000000,100000000.0000000000
2419,2376,-5648.9196441181,12710.0691992656
2419,2390,0.0000000000,100000000.0000000000
2420,2370,-14422.1645897906,32513.1254348789
2420,2375,0.0000000000,100000000.0000000000
2421,2375,0.0000000000,100000000.0000000000
2421,2494,-255.9426678256,575.9107205884
2422,2398,-5892.5154493729,13284.5599199125
2423,2393,-309.2653970254,695.8906364720
2423,2412,-259.7794790963,584.5345154149
2424,2373,0.0000000000,100000000.0000000000
2424,1583,-11844.7324782565,26566.0428440895
2425,2397,-327.1776214920,736.1983258449
2425,2412,-259.7794790963,584.5345154149
2426,2372,-4473.2667610753,10077.0058286180
2426,2390,0.0000000000,100000000.0000000000
1583,2424,-11844.7324782565,26566.0428440895
2427,2379,0.0000000000,100000000.0000000000
2427,2401,-10008.1278128905,22503.1237489840
2428,2379,0.0000000000,100000000.0000000000
2428,2454,-259.7794790963,584.5345154149
2429,2383,0.0000000000,100000000.0000000000
2429,2400,-4473.2667610753,10077.0058286180
2430,2388,0.0000000000,100000000.0000000000
2430,2399,0.0000000000,100000000.0000000000
2430,2401,0.0000000000,100000000.0000000000
2430,2436,0.0000000000,100000000.0000000000
2430,2437,0.0000000000,100000000.0000000000
1584,2408,-5892.5154493729,13284.5599199125
2431,2378,0.0000000000,100000000.0000000000
2431,1586,-1967.4871573332,4428.0200223514
2432,2436,0.0000000000,100000000.0000000000
2433,2404,0.0000000000,100000000.0000000000
2433,2406,0.0000000000,100000000.0000000000
2433,2438,0.0000000000,100000000.0000000000
2434,2444,-5648.9196441181,12710.0691992656
2435,2381,-5892.5154493729,13284.5599199125
2435,2383,0.0000000000,100000000.0000000000
1586,2431,-1967.4871573332,4428.0200223514
2436,2430,0.0000000000,100000000.0000000000
2436,2432,0.0000000000,100000000.0000000000
2437,2380,-8630.8320576358,19487.5102775040
2437,2430,0.0000000000,100000000.0000000000
2438,2410,-4473.2667610753,10077.0058286180
2438,2433,0.0000000000,100000000.0000000000
2439,2375,0.0000000000,100000000.0000000000
2440,2406,-5892.5154493729,13284.5599199125
2441,2378,0.0000000000,100000000.0000000000
2441,2389,-2451.6187787441,5515.2315468330
2442,2390,0.0000000000,100000000.0000000000
2442,2413,-2451.6187787441,5515.2315468330
2443,2379,0.0000000000,100000000.0000000000
2443,2384,0.0000000000,100000000.0000000000
2444,2378,0.0000000000,100000000.0000000000
2444,2434,-5648.9196441181,12710.0691992656
2445,2416,-5892.5154493729,13284.5599199125
2446,2477,0.0000000000,100000000.0000000000
2446,2551,0.0000000000,100000000.0000000000
2447,2475,0.0000000000,100000000.0000000000
2447,2516,0.0000000000,100000000.0000000000
2448,2513,0.0000000000,100000000.0000000000
2448,1154,0.0000000000,100000000.0000000000
2449,2490,0.0000000000,100000000.0000000000
2449,2530,0.0000000000,100000000.0000000000
2450,2484,0.0000000000,100000000.0000000000
2450,1143,0.0000000000,100000000.0000000000
2450,2560,0.0000000000,100000000.0000000000
2451,2497,-2596.8544935398,5843.9449941233
2451,2526,0.0000000000,100000000.0000000000
2452,2478,0.0000000000,100000000.0000000000
2452,2490,0.0000000000,100000000.0000000000
2453,2536,0.0000000000,100000000.0000000000
2454,2428,-259.7794790963,584.5345154149
2454,2458,-259.7794790963,584.5345154149
2455,2536,0.0000000000,100000000.0000000000
2456,2492,-1339.6743134305,3013.1798072370
2456,2493,0.0000000000,100000000.0000000000
2457,2462,0.0000000000,100000000.0000000000
2457,2475,0.0000000000,100000000.0000000000
2458,2454,-259.7794790963,584.5345154149
2458,2520,-259.7794790963,584.5345154149
2459,2470,0.0000000000,100000000.0000000000
2459,2514,0.0000000000,100000000.0000000000
1155,2499,0.0000000000,100000000.0000000000
2460,2508,0.0000000000,100000000.0000000000
2460,2548,-721.6764487079,1623.6141626004
2461,2497,0.0000000000,100000000.0000000000
2461,2498,0.0000000000,100000000.0000000000
2461,2501,0.0000000000,100000000.0000000000
2461,2521,0.0000000000,100000000.0000000000
2461,2549,0.0000000000,100000000.0000000000
2462,2457,0.0000000000,100000000.0000000000
2462,2474,-11844.7324782565,26566.0428440895
2463,2477,0.0000000000,100000000.0000000000
2463,2547,0.0000000000,100000000.0000000000
2464,2502,0.0000000000,100000000.0000000000
2464,2517,0.0000000000,100000000.0000000000
2464,2519,0.0000000000,100000000.0000000000
2464,2526,0.0000000000,100000000.0000000000
2464,2559,0.0000000000,100000000.0000000000
2465,2477,0.0000000000,100000000.0000000000
2465,2553,-283.0240389762,636.7433946018
2466,2496,0.0000000000,100000000.0000000000
2466,2522,-351.3695712335,790.5254059508
2467,2496,0.0000000000,100000000.0000000000
2468,2506,-927.9127640924,2087.5427763609
2468,2509,-999.4190536246,2248.2388644227
2469,2490,0.0000000000,100000000.0000000000
2469,2541,0.0000000000,100000000.0000000000
2470,2459,0.0000000000,100000000.0000000000
2470,2510,-6503.5321348740,14620.1450748546
2471,2479,0.0000000000,100000000.0000000000
2471,2542,-2884.0758102814,6495.4842242063
2472,2536,0.0000000000,100000000.0000000000
2472,2537,-5411.4378279021,12171.2995080027
2473,2505,0.0000000000,100000000.0000000000
2473,2523,-627.6404797981,1411.8926578645
2474,2462,-11844.7324782565,26566.0428440895
2474,2532,0.0000000000,100000000.0000000000
1148,2556,-3934.9743146665,8856.0400447028
2475,2447,0.0000000000,100000000.0000000000
2475,2457,0.0000000000,100000000.0000000000
2475,2493,0.0000000000,100000000.0000000000
2475,2538,0.0000000000,100000000.0000000000
2475,2555,0.0000000000,100000000.0000000000
2476,2535,0.0000000000,100000000.0000000000
2477,2446,0.0000000000,100000000.0000000000
2477,2463,0.0000000000,100000000.0000000000
2477,2465,0.0000000000,100000000.0000000000
2477,2503,0.0000000000,100000000.0000000000
2477,2540,0.0000000000,100000000.0000000000
2478,2452,0.0000000000,100000000.0000000000
2478,2550,-1909.2844320531,4298.6554478323
2479,2471,0.0000000000,100000000.0000000000
2479,2481,0.0000000000,100000000.0000000000
2479,2527,0.0000000000,100000000.0000000000
2479,2533,0.0000000000,100000000.0000000000
2479,2561,0.0000000000,100000000.0000000000
2480,2536,0.0000000000,100000000.0000000000
2481,2479,0.0000000000,100000000.0000000000
2481,2511,-582.5977916211,1310.6393115883
2482,2542,0.0000000000,100000000.0000000000
2482,1146,0.0000000000,100000000.0000000000
2483,2489,-4331.4650811155,9742.9542638215
2483,2529,0.0000000000,100000000.0000000000
2484,2450,0.0000000000,100000000.0000000000
2484,2557,-6503.5321348740,14620.1450748546
2485,2505,0.0000000000,100000000.0000000000
2485,2522,-1062.8122010841,2391.3274524392
2486,2509,-279.3457024457,628.5160038430
2486,2536,0.0000000000,100000000.0000000000
2487,2514,-3247.0168033120,7305.7878074519
2487,2559,0.0000000000,100000000.0000000000
2488,2543,0.0000000000,100000000.0000000000
2489,2483,-4331.4650811155,9742.9542638215
2490,2449,0.0000000000,100000000.0000000000
2490,2452,0.0000000000,100000000.0000000000
2490,2469,0.0000000000,100000000.0000000000
2490,2508,0.0000000000,100000000.0000000000
2490,2544,0.0000000000,100000000.0000000000
2491,2504,0.0000000000,100000000.0000000000
2491,2513,-3824.8197155290,8596.9906105988
2492,2456,-1339.6743134305,3013.1798072370
2492,2530,-1170.7714661571,2632.9902972937
2493,2456,0.0000000000,100000000.0000000000
2493,2475,0.0000000000,100000000.0000000000
2494,2421,-255.9426678256,575.9107205884
2495,2555,0.0000000000,100000000.0000000000
2496,2466,0.0000000000,100000000.0000000000
2496,2467,0.0000000000,100000000.0000000000
2496,2500,0.0000000000,100000000.0000000000
2496,2524,0.0000000000,100000000.0000000000
2496,2534,0.0000000000,100000000.0000000000
1144,2532,0.0000000000,100000000.0000000000
2497,2451,-2596.8544935398,5843.9449941233
2497,2461,0.0000000000,100000000.0000000000
2498,2461,0.0000000000,100000000.0000000000
2498,1153,-6503.5321348740,14620.1450748546
2499,1155,0.0000000000,100000000.0000000000
2499,1149,0.0000000000,100000000.0000000000
2499,2558,0.0000000000,100000000.0000000000
2500,2496,0.0000000000,100000000.0000000000
2501,2461,0.0000000000,100000000.0000000000
2501,1150,-6503.5321348740,14620.1450748546
2502,2464,0.0000000000,100000000.0000000000
2502,2518,0.0000000000,100000000.0000000000
2503,2477,0.0000000000,100000000.0000000000
2504,2491,0.0000000000,100000000.0000000000
2504,2505,0.0000000000,100000000.0000000000
2505,2473,0.0000000000,100000000.0000000000
2505,2485,0.0000000000,100000000.0000000000
2505,2504,0.0000000000,100000000.0000000000
2505,2543,0.0000000000,100000000.0000000000
2505,2554,0.0000000000,100000000.0000000000
2506,2468,-927.9127640924,2087.5427763609
2506,2519,0.0000000000,100000000.0000000000
1152,2531,0.0000000000,100000000.0000000000
2507,2531,0.0000000000,100000000.0000000000
2507,2547,-16230.4081470284,36438.8575065638
2508,2460,0.0000000000,100000000.0000000000
2508,2490,0.0000000000,100000000.0000000000
2509,2468,-999.4190536246,2248.2388644227
2509,2486,-279.3457024457,628.5160038430
1151,2528,-4331.4650811155,9742.9542638215
2510,2470,-6503.5321348740,14620.1450748546
2511,2481,-582.5977916211,1310.6393115883
2511,2540,-1236.9061238359,2783.7347123089
2512,2520,-371.1091493804,835.0790940153
2512,275,-589.1016200295,1325.4786450663
2513,2448,0.0000000000,100000000.0000000000
2513,2491,-3824.8197155290,8596.9906105988
2514,2459,0.0000000000,100000000.0000000000
2514,2487,-3247.0168033120,7305.7878074519
1149,2499,0.0000000000,100000000.0000000000
2515,2516,-342.7276406175,771.1193892057
2515,2535,0.0000000000,100000000.0000000000
2516,2447,0.0000000000,100000000.0000000000
2516,2515,-342.7276406175,771.1193892057
1154,2448,0.0000000000,100000000.0000000000
2517,2464,0.0000000000,100000000.0000000000
2518,2502,0.0000000000,100000000.0000000000
2518,2548,-927.9127640924,2087.5427763609
2519,2464,0.0000000000,100000000.0000000000
2519,2506,0.0000000000,100000000.0000000000
2520,2458,-259.7794790963,584.5345154149
2520,2512,-371.1091493804,835.0790940153
2521,2461,0.0000000000,100000000.0000000000
2521,1147,-6503.5321348740,14620.1450748546
1156,2532,0.0000000000,100000000.0000000000
2522,2466,-351.3695712335,790.5254059508
2522,2485,-1062.8122010841,2391.3274524392
2523,2473,-627.6404797981,1411.8926578645
2523,2535,0.0000000000,100000000.0000000000
2524,2496,0.0000000000,100000000.0000000000
2524,2558,-3247.0168033120,7305.7878074519
2525,2060,-4132.8621732002,9314.5160034184
2525,2537,-420.1835140260,945.3593936300
2526,2451,0.0000000000,100000000.0000000000
2526,2464,0.0000000000,100000000.0000000000
2527,2479,0.0000000000,100000000.0000000000
2527,2545,-417.6378898015,939.7645704675
2528,1151,-4331.4650811155,9742.9542638215
2528,2529,0.0000000000,100000000.0000000000
2529,2483,0.0000000000,100000000.0000000000
2529,2528,0.0000000000,100000000.0000000000
2529,2546,0.0000000000,100000000.0000000000
2529,2550,0.0000000000,100000000.0000000000
2529,2552,0.0000000000,100000000.0000000000
2529,2556,0.0000000000,100000000.0000000000
2530,2449,0.0000000000,100000000.0000000000
2530,2492,-1170.7714661571,2632.9902972937
2531,1152,0.0000000000,100000000.0000000000
2531,2507,0.0000000000,100000000.0000000000
2531,2539,0.0000000000,100000000.0000000000
2532,2474,0.0000000000,100000000.0000000000
2532,1144,0.0000000000,100000000.0000000000
2532,1156,0.0000000000,100000000.0000000000
2533,2479,0.0000000000,100000000.0000000000
2534,2496,0.0000000000,100000000.0000000000
2534,2553,-995.1300485434,2239.4930301860
2535,2476,0.0000000000,100000000.0000000000
2535,2515,0.0000000000,100000000.0000000000
2535,2523,0.0000000000,100000000.0000000000
2535,2557,0.0000000000,100000000.0000000000
2535,277,-589.1016200295,1325.4786450663
2536,2453,0.0000000000,100000000.0000000000
2536,2455,0.0000000000,100000000.0000000000
2536,2472,0.0000000000,100000000.0000000000
2536,2480,0.0000000000,100000000.0000000000
2536,2486,0.0000000000,100000000.0000000000
2536,276,-589.1016200295,1325.4786450663
2537,2472,-5411.4378279021,12171.2995080027
2537,2525,-420.1835140260,945.3593936300
2538,2475,0.0000000000,100000000.0000000000
2539,2531,0.0000000000,100000000.0000000000
2540,2477,0.0000000000,100000000.0000000000
2540,2511,-1236.9061238359,2783.7347123089
2541,2469,0.0000000000,100000000.0000000000
1153,2498,-6503.5321348740,14620.1450748546
2542,2471,-2884.0758102814,6495.4842242063
2542,2482,0.0000000000,100000000.0000000000
2543,2488,0.0000000000,100000000.0000000000
2543,2505,0.0000000000,100000000.0000000000
2544,2490,0.0000000000,100000000.0000000000
2545,2258,-409.7531469907,922.0209322471
2545,2527,-417.6378898015,939.7645704675
2546,2529,0.0000000000,100000000.0000000000
2547,2463,0.0000000000,100000000.0000000000
2547,2507,-16230.4081470284,36438.8575065638
2548,2460,-721.6764487079,1623.6141626004
2548,2518,-927.9127640924,2087.5427763609
2549,2461,0.0000000000,100000000.0000000000
2550,2478,-1909.2844320531,4298.6554478323
2550,2529,0.0000000000,100000000.0000000000
1150,2501,-6503.5321348740,14620.1450748546
2551,2446,0.0000000000,100000000.0000000000
2552,2529,0.0000000000,100000000.0000000000
2552,1145,-2884.0758102814,6495.4842242063
1145,2552,-2884.0758102814,6495.4842242063
2553,2465,-283.0240389762,636.7433946018
2553,2534,-995.1300485434,2239.4930301860
1143,2450,0.0000000000,100000000.0000000000
2554,2505,0.0000000000,100000000.0000000000
2555,2475,0.0000000000,100000000.0000000000
2555,2495,0.0000000000,100000000.0000000000
2556,1148,-3934.9743146665,8856.0400447028
2556,2529,0.0000000000,100000000.0000000000
2557,2484,-6503.5321348740,14620.1450748546
2557,2535,0.0000000000,100000000.0000000000
1146,2482,0.0000000000,100000000.0000000000
1147,2521,-6503.5321348740,14620.1450748546
2558,2499,0.0000000000,100000000.0000000000
2558,2524,-3247.0168033120,7305.7878074519
2559,2464,0.0000000000,100000000.0000000000
2559,2487,0.0000000000,100000000.0000000000
2560,2450,0.0000000000,100000000.0000000000
2561,2479,0.0000000000,100000000.0000000000
2562,2565,-5648.9196441181,12710.0691992656
2562,2570,-215.0670604471,483.8868659889
2563,2193,-316.8203900783,712.8763060656
2563,2571,-550.4126368424,1238.3825192620
2564,2566,-643.1204192714,1446.9582610585
2564,2567,-5648.9196441181,12710.0691992656
2565,2562,-5648.9196441181,12710.0691992656
2565,2567,-601.4653124670,1353.1324984448
2566,2564,-643.1204192714,1446.9582610585
2566,2572,-372.2384528285,837.4525300435
2567,2564,-5648.9196441181,12710.0691992656
2567,2565,-601.4653124670,1353.1324984448
2568,2569,-356.8481381252,802.9469139986
2568,2570,-694.6826271487,1562.8165376234
2569,2295,-408.4529324250,919.0696740995
2569,2568,-356.8481381252,802.9469139986
2570,2562,-215.0670604471,483.8868659889
2570,2568,-694.6826271487,1562.8165376234
2571,2563,-550.4126368424,1238.3825192620
2571,2572,-5648.9196441181,12710.0691992656
2572,2566,-372.2384528285,837.4525300435
2572,2571,-5648.9196441181,12710.0691992656
275,2512,-589.1016200295,1325.4786450663
275,276,0.0000000000,100000000.0000000000
276,2536,-589.1016200295,1325.4786450663
276,275,0.0000000000,100000000.0000000000
382,2378,-589.1016200295,1325.4786450663
382,107,0.0000000000,100000000.0000000000
107,2251,-589.1016200295,1325.4786450663
107,382,0.0000000000,100000000.0000000000
277,2535,-589.1016200295,1325.4786450663
277,108,0.0000000000,100000000.0000000000
108,2232,-589.1016200295,1325.4786450663
108,277,0.0000000000,100000000.0000000000
